scheme_id,scheme_name,ministry,applicant_type,business_type,business_status,age_min,gender,sc_st,rural,loan_support,benefit,official_url,source_url
S001,Agri-Clinics And Agri-Business Centres Scheme,Not specified,"The age of the applicant must be between 18 and 60 years. The applicant must qualify as one of the following - Graduates in agriculture and allied subjects from SAUs/ Central Agricultural Universities/ Universities recognized by ICAR/ UGC. Degree in Agriculture and allied subjects offered by other agencies are also considered subject to the approval of the Department of Agriculture & Cooperation, Government of India on the recommendation of the State Government. Diploma (with at least 50% marks)/ Post Graduate Diploma holders in Agriculture and allied subjects from State Agricultural Universities, State Agriculture and Allied Departments, and State Department of Technical Education. Diplomas in Agriculture and allied subjects offered by other agencies are also considered subject to the approval of the Department of Agriculture & Cooperation, Government of India on the recommendation of the State Government. Biological Science Graduates with Post Graduation in Agriculture & allied subjects. Degree courses recognized by UGC have more than 60 percent of the course content in Agriculture and allied subjects. Diploma/Post-graduate Diploma courses with more than 60 percent of course content in Agriculture and allied subjects, after B.Sc. with Biological Sciences, from recognized colleges and universities. Agriculture-related courses at intermediate (i.e. plus two) level, with at least 55% marks.","Agriculture,Rural & Environment, Business & Entrepreneurship, Skills & Employment",New/Existing,Not specified,Any,Not specified,Not specified,Yes,"Agri-Clinics - Agri-Clinics are envisaged to provide expert advice and services to farmers on various aspects to enhance the productivity of crops/animals and increase the incomes of farmers. Agri-Clinics provide support in the following areas: Soil health Cropping practices Plant protection Crop insurance post-harvest technology clinical services for animals, feed and fodder management prices of various crops in the market, etc. ﻿ Agri-Business Centres - Agri-Business Centres are commercial units of agri-ventures established by trained agriculture professionals. These ventures may include maintenance and custom hiring of farm equipment, sale of inputs, and other services in agriculture and allied areas, including post-harvest management and market linkages for income generation and entrepreneurship development. ﻿ The scheme covers full financial support for training and handholding, provision of loans, and credit-linked back-end composite subsidy. ﻿ Project activities - Extension consultancy services Soil and water quality cum inputs testing laboratories (with Atomic Absorption Spectrophotometers) Pest surveillance, diagnostic and control services Maintenance, repairs, and custom hiring of agricultural implements and machinery including micro-irrigation systems (sprinkler and drip) Agri Service Centres include the three activities mentioned above (Group Activity). Seed Processing Units Micro-propagation through Plant Tissue Culture Labs and Hardening Units Setting up of Vermiculture units, production of bio-fertilizers, bio-pesticides, and bio-control agents. Setting up of Apiaries (bee-keeping) and honey & bee products' processing units Provision of Extension Consultancy Services Hatcheries and production of fish fingerlings for aquaculture Provision of livestock health cover, setting up veterinary dispensaries & services including frozen semen banks and liquid nitrogen supply Setting up of Information Technology Kiosks in rural areas for access to various agriculture-related portals Feed Processing and testing units Value Addition Centres Setting up of Cool Chain from the farm level onwards (Group Activity) Retail marketing outlets for processed agri-products Rural marketing dealerships of farm inputs and outputs",Not provided in source dataset,Not provided in source dataset
S002,Self Employment Scheme For Rehabilitation Of Manual Scavengers,Not specified,The applicant should be engaged or employed as a Manual Scavenger by an individual or a local authority or an agency or a contractor (as identified during the survey conducted by State Governments & allotted MS-ID/Receipt No. and their dependents). Sanitation Workers and their dependents are eligible only for assistance for sanitation-related self-employment projects.,"Skills & Employment, Social welfare & Empowerment, Education & Learning",New/Existing,Not specified,Any,Not specified,Not specified,Yes,"Identified manual scavengers, one from each family, are provided one-time cash assistance of ₹ 40,000. The identified manual scavengers and their dependents are provided project-based upfront capital subsidy up to ₹ 5,00,000 and concessional loans for undertaking self-employment ventures. Sanitation workers and their dependants are provided assistance for the procurement of sanitation-related projects on the same scale as admissible to manual scavengers for general tasks. The group of the target beneficiaries is eligible for projects costing up to ₹ 50,00,000. Beneficiaries are also provided training for skill development for up to two years, during which a stipend of ₹ 3,000 per month is also provided. Manual Scavengers and their family members are also eligible for Health Insurance coverage of ₹ 5,00,000 under the Ayushman Bharat Pradhan Mantri Jan Arogya Yojana (AB PMJAY) Upskilling/RPL training is provided to sanitation workers. Workshops are organized with the officers, supervisors, and sanitation workers on “Hazardous Cleaning of Sewers and Septic Tanks”. Credit Linked upfront Capital Subsidy - Range of Project Cost (₹) (for Individuals): Upto ₹5,00,000 Rate of Subsidy: 50% of project cost Range of Project Cost (₹) (for Individuals): 5,00,000 to 15,00,000 Rate of Subsidy: ₹2.5 lakh + 25% of remaining project cost Range of Project Cost (₹) (for Group Projects): Upto ₹10,00,000 lakh per beneficiary maximum project cost upto ₹50,00,000 Rate of Subsidy: Same as admissible to individuals subject to a maximum ₹3.75 lakh per beneficiary The rate of interest chargeable from the beneficiaries will be as follows:- Range of Projects: up to ₹1,00,000/- Rate of Subsidy: 5% per annum (4% per annum for women beneficiaries) Range of Projects: above 1,00,000/- Rate of Subsidy: 6% per annum The period of repayment of the loan, including the moratorium period will be five years for projects upto ₹5,00,000/- and 7 years for projects above ₹ 5,00,000/- with a moratorium period to start the repayment of the loan will be upto 6 months.",Not provided in source dataset,Not provided in source dataset
S003,National Startup Awards,Not specified,"The startup should be a (DPIIT)Department for Promotion of Industry and Internal Trade -recognized startup. The entity must submit its certificate of recognition. The entity must submit the Certificate of Incorporation issued by the Ministry of Corporate Affairs or Certificate of Registration from the Registrar of Firms of the respective state The entity must have a hardware or software product or a process solution that is present in the market. The entity must have all applicable trade trade-specific registrations (for example (CE)Common Era, (FSSAI) Food Safety and Standards Authority of India, (MSME)Ministry of Micro, Small & Medium Enterprises, (GST)Goods and Services Tax Registration, etc.) There should not have been any default in the last three years (FY)Fiscal year 2019-20, 20-21, 21-22) by the entity or any of its promoters or any of their group entities. The entity must submit audited financial statements (balance sheet, profit & loss account) for the last three financial years (FY)Fiscal year  2019-20, 20-21, 21-22. In case your startup is less than 3 years old, please upload all available financial statements. Startups that are less than a year old and do not have audited financials will be exempt from this requirement. In case of non-availability of audited financials for (FY)Fiscal year  21-22, provisional statements issued by Chartered Accountants may be provided. The entity should not be completing 10 years of incorporation on or before March 31st, 2024.",Business & Entrepreneurship,New/Existing,Not specified,Any,Not specified,Not specified,No,"A cash prize of ₹ 10,00,000/- will be awarded to one winning startup in each of the categories by Department for Promotion of Industry and Internal Trade (DPIIT) The winner and the finalists will be given the opportunity to present their solutions to relevant public authorities and corporate for potential pilot projects and work orders. The winners and finalists will be given priority for participation in various national and international startup events where DPIIT is participating.",Not provided in source dataset,Not provided in source dataset
S004,Migrants Employment Generation Programme,Not specified,"The applicant should have returned to Tamil Nadu on & after 01-01-2020 due to the Covid-19 outbreak. The age of the applicant should be between 18 to 45 years in general and for special categories (Women/Minorities/ BC/MBC/SC/ST/Ex-servicemen/Transgender/Differently abled), the age relaxation is up to 55 years. The applicant should possess a minimum educational qualification of 8th standard pass. The family income of the applicant should be below ₹5.00 lakh. The maximum project costs for Manufacturing / Trading / Service projects should be ₹15.00 lakh / ₹5.00 lakh / ₹5.00 lakh respectively. The applicant’s/promoter’s contribution should be 10% of the project cost for the General category and 5% for the Special Category.",Business & Entrepreneurship,New/Existing,Not specified,Any,Not specified,Not specified,Yes,"Under the scheme, the subsidy @ 25% of the project cost will be sanctioned to the beneficiaries subject to a maximum of ₹2.5 lakhs.",Not provided in source dataset,Not provided in source dataset
S005,AICTE-LILAVATI AWARD,Not specified,Institutional/ Team Level comprises either of students/ faculty/ both from AICTE approved technical institution/Deemed to be University. Had undertaken remarkable intervention in the various sub-themes and made an impact in the society. The team has to showcase their work undertaken in the last two years from the date of announcement of the award for the cause of women empowerment. Note: The maximum team size will be 5 members having a minimum of 2 (two) women members.,Social welfare & Empowerment,New/Existing,Not specified,Any,Not specified,Not specified,Yes,"Award and Recognition of the work: The award in the form of prize money will be given to the 24 winning teams (three under each sub-theme) as follows: 1. Winner: ₹ 1,00,000/- 2. First Runner-up: ₹ 75,000/- 3. Second Runner-up: ₹ 50,000/- ﻿",Not provided in source dataset,Not provided in source dataset
S006,Scheme For Assistance For Start Ups/ Innovation,Not specified,"For Startups: Any individual/group of individuals having an innovative idea/concept and recommended by an approved Nodal Institution will be eligible to get recognized as a startup under this scheme. The innovative project can be from any sector or any faculty/branch of science/ technology/ engineering/ agriculture/ healthcare and no innovation worth its name is restricted from availing assistance just because of its being in a particular sector, making this a sector agnostic scheme. ﻿ Note 1: An entity formed by splitting up or reconstruction of an existing business shall not be considered a 'Startup'. Note 2: The startups which are availing incentives as a 'startup' in any other 'startup scheme' of the Government of Gujarat will not get incentives under this scheme. However, the startups/innovators availing benefits under the Student Startup and Innovation Policy (SSIP) would also be eligible to avail of assistance under this scheme. ﻿ For Nodal Institution: Any University, Government approved/ affiliated/ recognized educational institution, Incubation center, PSU, R&D Institutions, private and other establishments operating in Gujarat. The institution should be registered under the Companies Act-2013, rule of Section 8, as a 'non-profit making company'. The institution should have separate spaces and engage full-time employees for the purpose. ﻿ For Mentor: The mentor means a resource person who is registered under this scheme and associated/recommended by the Nodal Institution.",Business & Entrepreneurship,New/Existing,Not specified,Any,Not specified,Not specified,Yes,"Assistance to Startups The Quantum of Assistance as under would be provided to the Startups whose innovative project is approved/sanctioned by SLEC.  Sustenance Allowance: A sustenance allowance of ₹ 20,000 per month per startup will be provided to the Startups for a period of one year. If startups have at least one woman co-founder, ₹ 25,000 per month per startup will be provided as a sustenance allowance. ﻿ Seed Support: Seed support up to ₹ 30,00,000 will be provided to the Startups on the following, based on approval/ sanction by SLEC: 1.  Cost of raw materials/consumables/hardware & software/professional services /other equipment/ tools required for prototype/product/process development 2.  Market research Testing & Trials 3.  Marketing/ publicity assistance: Here marketing/ publicity assistance covers assistance to startups to attend national/international events. The fees/charges paid for attending the same will be considered eligible under this head. [ Note: However, it is clarified that to and fro conveyance/accommodation expenses will not be considered for assistance] ﻿ Assistance to Startups having a Significant Impact on Society: Additional support of upto ₹ 10,00,000 assistance will be provided to startups having innovative projects which have a significant impact on society, based on the conditions on approval/ sanction given by the SLEC. ﻿ Pre-Series A funding: In the life cycle of a Startup, there is a funding gap which is better identified as the valley of death. This is a phase post commercialization where the Startup has just started generating revenue till the time period where its product/service gets market traction. Such startups will be assisted in getting venture capital. Initially, to support, such mid-level Pre-series A funding to startups, a separate fund shall be created under Gujarat Venture Finance Limited (GVFL). This assistance will be specifically to cater to the startups that have already received seed support from the government under various schemes for the promotion of startups. ﻿ Interest subsidy: The startups that have been approved/sanctioned under this scheme will be eligible to avail of an additional interest subsidy of 1%, a maximum of up to 9% on term loans under the provisions of the scheme for assistance to MSMEs. ﻿ Assistance to enroll and participate in Acceleration Program: Assistance up to ₹ 3,00,000 per startup will be provided to enroll and participate in the national / internationally recognized acceleration program. Approved/sanctioned startups will be eligible for assistance up to ₹ 3,00,000 per startup during the operative period of the scheme, to enroll/participate in a national/internationally recognized acceleration program. The fees/charges paid for attending the same will be considered eligible for getting assistance. However, it is clarified that to and fro conveyance/accommodation expenses will not be considered under this assistance. ﻿ Acceleration Program: An acceleration program is typically a 3-4 month program for startups at the early traction and scaling stage. It is a process of intense, rapid, and immersive education aimed at accelerating the growth of the startup. ﻿ Assistance for Skill Development: Approved/sanctioned startups shall be provided assistance for skill development training specific to soft skills, managerial skills, marketing skills, and financing skills for the startup project. Such skill development training should support the startups in understanding the ecosystem, fundraising, commercializing, and scaling up the startup project. Financial assistance up to Rs. 1 lakh per approved/sanctioned startup shall be given for participating in such skill development training programs on a reimbursement basis. ﻿ ﻿ Assistance to the Approved/Sanctioned Nodal Institution  Mentoring Assistance: Mentoring Assistance of ₹ 1,00,000 per approved/sanctioned startup shall be provided to Nodal institution for the mentoring service (Maximum ₹ 15,00,000 per annum per institute. ﻿ Reimbursement Expenses on Organizing Promotional Events: Reimbursement of 75% of expenses incurred for organizing promotional events to the extent of a maximum ₹ 5,00,000. If the event being organized is specific to ""Women Entrepreneurship"", the Nodal Institution will be eligible for reimbursement of 90% of expenses incurred for organizing promotional events to the extent of a maximum ₹ 5,00,000. However, it is clarified that the beneficiary Nodal Institution will not be eligible to get assistance under any other scheme of Govt. of Gujarat for the same component/purpose. ﻿ Other Support: 1.  Govt. will support approved/ sanctioned Startups to get free access to universities/ Libraries/ Govt. Laboratories/ SDCs (GIDC) / Center of Excellence / PSUs to support and facilitate innovative ideas/concepts. 2.  For organizing Acceleration Programs in Gujarat any institution, would be assisted by providing financial assistance, as approved by SLEC, maximum up to the matching contribution to the expenditure incurred. 3.  The project is entitled to avail of other benefits under the schemes for assistance to MSMEs. ﻿",Not provided in source dataset,Not provided in source dataset
S007,Pradhan Mantri Formalisation Of Micro Food Processing Enterprises,Not specified,"The Eligible Borrowers for PMFMPE can be: 1.  Farmer Producer Organization (FPO) 2. Self-Help Groups 3.  Co-operatives 4.  Existing Micro Food Processing Entrepreneurs 5.  New Units, whether for individuals or groups would only be supported for One District One Product (ODOP) ﻿ Eligibility criteria for individual micro-enterprises: 1.  Existing micro food processing units in operations. 2.  Existing units should be those identified in the SLUP for ODOP products or by the Resource Person on physical verification. In the case of units using electrical power, the electricity bill would support it being in operation. For other units, existing operations, inventory, machines, and sales would form the basis. 3.  The enterprise should be unincorporated and should employ less than 10 workers. 4.  The enterprise should preferably be involved in the product identified in the ODOP of the district. Other micro-enterprises could also be considered. 5.  The applicant should have ownership rights of the enterprise. 6.  Ownership status of the enterprise could be proprietary / partnership firm. 7.  The applicant should be above 18 years of age and should possess at least VIII standard pass educational qualification. 8.  Only one person from one family would be eligible for obtaining financial assistance. The “family” for this purpose would include self, spouse, and children. 9.  Willingness to formalize and contribute10% of project cost and obtain Bank loan. 10.  Cost of the land should not be included in the Project cost. The cost of the ready-built, as well as the long lease or rental workshed, could be included in the project cost. The lease rental of the workshed to be included in the project cost should be for a maximum period of 3 years only. ﻿ Eligibility Criteria for Co-operatives/FPOs: 1.  It should preferably be engaged in the processing of ODOP produce. 2.  It should have a minimum turnover of Rs.1 crore. 3.  The cost of the project proposed should not be larger than the present turnover. 4.  The members should have sufficient knowledge and experience in dealing with the product for a minimum period of 3 years. 5.  The cooperative/FPO should have sufficient internal resources or sanction from the State Government to meet 10% of the project cost and margin money for working capital. ﻿ Eligibility Criteria for Seed Capital for SHGs: 1.  Only SHG members that are presently engaged in food processing would be eligible. 2.  The SHG member has to commit to utilizing this amount for working capital and purchase of small tools and give a commitment in this regard to the SHG and SHG federation. 3.  Before providing the seed capital, SHG Federation should collect the following basic details for each of the members: a) Details of the product being processed. b) other activities are undertaken. c) Annual turnover. d) Source of raw materials and marketing of produce. ﻿ Eligibility Criteria for Credit Linked Grant for Capital Investment for SHGs: 1.  The SHGs should have sufficient own funds for meeting 10% of the project cost and 20% margin money for working capital or sanction of the same as a grant from the State Government. 2.  The SHG members should have a minimum period of 3 years of experience in the processing of the ODOP product. ﻿ Eligibility Criteria for Branding and Marketing Support: The proposals should fulfill the following conditions: - 1.  The proposal should relate to ODOP. 2.  Minimum turnover of product to be eligible for assistance should be Rs 5 crore. 3.  The final product should be the one to be sold to the consumer in the retail pack. 4.  Applicant should be an FPO/SHG/cooperative/ regional - State levels SPV to bring a large number of producers together. 5.  Product and producers should be scalable to larger levels. 6.  Management and entrepreneurship capability of promoting entity should be established in the proposal. ﻿ Eligibility Criteria for Support to National Institutions for Capacity Building & Research: At the National level, the National Institute for Food Technology Entrepreneurship and Management (NIFTEM) and the Indian Institute of Food Processing Technology (IIFPT) would be eligible. ﻿ Eligibility Criteria for Support to State-Level Technical Institutions for Capacity Building & Research: The State Level Technical Institution should be an existing institution involved in food processing technology. This Institute could be: 1.  A college/institute under State Agriculture University or any other University. 2.  A State-owned food processing technology research Institute. 3.  An institute under CSIR or any Government of India institute focusing on food processing. 4.  If it is a college, it should have undergraduate/postgraduate courses in food processing technology and the necessary faculty. 5.  The Institute should have a full-fledged laboratory with necessary testing and processing equipment. 6.  The Institute should have faculty undertaking research work and product development and machinery for food processing, especially for MSMEs. 7.  The proposal should be recommended by the State Government. 8.  The Institute should be willing to appoint a Nodal Officer and a dedicated team consisting of at least two faculty members focusing exclusively on the Scheme. 9.  The Institute should have sufficient built-up space to undertake training for beneficiaries under the Scheme. 10.  The institute preferably should have pilot plants for processing a few products under ODOP for the State.",Business & Entrepreneurship,New/Existing,Not specified,Any,Not specified,Not specified,Yes,"The program has four broad components addressing the needs of the sector: 1.  Support to individuals and groups of micro-enterprises. 2.  Branding and Marketing support. 3.  Support for strengthening of institutions. 4.  Setting up a robust project management framework. ﻿ Support to Individual Micro Enterprises Individual micro food processing units would be provided credit-linked capital subsidy @35% of the eligible project cost with a maximum ceiling of ₹ 10,00,000 per unit. The beneficiary contribution should be a minimum of 10% of the project cost with the balance being loaned from the Bank. ﻿ Support for Farmer Producer Organizations (FPOs)/Producer Cooperatives FPOs and Producer Cooperatives: i) Grant @35% with credit linkage. ii) Training support. iii) Maximum limit of grant in such cases would be as prescribed. ﻿ Support for Self-Help Groups (SHGs): 1. Seed capital: i) Seed capital @ Rs40,000/- per member of SHG for working capital and purchase of small tools would be provided under the scheme; ii) Priority would be given to SHGs involved in ODOP produce in giving seed capital; iii) All the members of an SHG may not be involved in food processing. Therefore, seed capital would be provided at the federation level of SHGs; iv) This would be given as a grant to the SHG federation by SNA/ SRLM. SHG federation would provide this amount as a loan to the members of SHGs to be repaid to the SHG. 2. Support to individual SHG members as a single unit of the food processing industry with credit linked grant @35% with a maximum amount being Rs 10 lakh. 3. Support for capital investment at the federation of SHG level, with credit linked grant @35%. The maximum limit of funding in such cases would be as prescribed. 4. Training & Handholding Support to SHGs: For support to SHGs, a large number of trained resource persons are available with State Rural Livelihood Missions (SRLMs). These local resource persons of SRLM having expertise in agro-produce would be utilized for training, upgradation of units, DPR preparation, handholding support, etc. ﻿ Support for Common Infrastructure: The following common infrastructure would be funded under the Scheme: i) Premises for assaying of agriculture produce, sorting, grading, warehouse, and cold storage at the farm gate; ii) Common processing facility for processing of ODOP produce; iii) Incubation Centre should involve one or more product lines, which could be utilized by smaller units on a hire basis for the processing of their produce. The incubation Centre may partly be used for training purposes. It should be run on a commercial basis. ﻿ Branding and Marketing Support: i) Training relating to marketing to be fully funded under the scheme; ii) Developing a familiar brand and packaging including standardization to participate in common packaging; iii) Marketing tie up with national and regional retail chains and state-level institutions; iv) Quality control to ensure product quality meets required standards. ﻿ Convergence Framework: The Food Processing Enterprises would be eligible for benefits under the following Government Schemes: 1.  National Rural Livelihood Mission – providing seed capital, training, handholding support, and interest subvention to SHGs. 2.  Start-up Village Entrepreneurship Programme (SVEP) –It is a Centrally Sponsored Scheme, a part of NRLM, and provides capital and technical support to rural start-ups through training, handholding and support through Community Enterprises Fund (CEF) as a loan-up to ₹ 1,00,000 for individual entrepreneur and ₹ 5,00,000 for group entrepreneurs at 12% interest. 3.  Interest Subvention Scheme for incremental credit to MSMEs 2018 – 2% interest subvention on the outstanding balance. 4.  Credit Guarantee Trust Fund for Micro & Small Enterprises (CGTMSE) for a collateral-free loan up to ₹ 2,00,00,000. 5.  PM MUDRA Yojana for a loan up to ₹ 10,00,000. 6.  A Scheme for Promotion of Innovation, Rural Industry and Entrepreneurship (ASPIRE). 7.  Scheme for Fund for Regeneration of Rural Industry (SFURTI). 8.  Public Procurement Policy for MSEs. 9.  Benefits available under various other Schemes of MoFPI such as Backward & Forward Linkages, Agricultural Production Cluster, Cold Chain, etc. would be used to provide support to clusters/groups. 10.  Support from PMKVY and NRLM for skill training for SHGs, if falling within the guidelines would be taken. For shorter duration on-site training, support would be provided from NRLM and the PM FME scheme, tailor-made for such purposes",Not provided in source dataset,Not provided in source dataset
S008,Prime Minister's Employment Generation Programme,Not specified,"For PMEGP new enterprises (Units) Any individual, above 18 years of age. There will be no income ceiling for assistance in setting up projects under PMEGP. For setting up of project costing above Rs.10 lakh in the Manufacturing sector and above ₹ 5,00,000 in the Business /Service sector, the beneficiaries should possess at least VIII standard pass educational qualification. Assistance under the scheme is available only for new projects sanctioned specifically under the PMEGP. Existing Units (under PMRY, REGP, or any other scheme of the Government of India or State Government) and the units that have already availed of Government Subsidy under any other scheme of the Government of India or State Government are not eligible. For up-gradation of existing PMEGP / REGP / MUDRA units Margin Money(subsidy)claimed under PMEGP has to be successfully adjusted on the completion of the lock-in period of 3 years. The first loan under PMEGP/REGP/MUDRA has to be successfully repaid in the stipulated time. The unit is profit-making with good turnover and has the potential for further growth in turnover and profit with modernization/upgrading of the technology. Reservation / Preference / Priority Priority will be given to the persons affected by natural calamities/disasters in the areas which are declared as affected by ""disaster"" as defined under Section 2(d) of the Disaster Management Act, 2005 by the Ministry of Home Affairs.","Business & Entrepreneurship, Banking,Financial Services and Insurance, Social welfare & Empowerment, Skills & Employment",New/Existing,Not specified,Any,Not specified,Not specified,Yes,"Funds under PMEGP Scheme will be available under two major heads: 1.  Margin Money Subsidy a) Funds will be allocated under annual Budget Estimates toward disbursement of Margin Money (subsidy) for setting up new micro-enterprises/units; and b) From the funds allocated under BE for the Margin Money subsidy, ₹ 100 Crores or as approved by the competent authority will be earmarked for each FY towards disbursement of Margin Money (subsidy) for the upgradation of existing PMEGP/REGP/MUDRA units. 2.  Backward and Forward Linkages 5% of the total allocation under BE for a Financial Year against PMEGP, or as approved by the competent authority, shall be earmarked as funds under Backward and Forward Linkages and will be utilized for arranging awareness camps, State/District level monitoring meetings, Workshops, Exhibitions, Bankers meetings, TNDA, Publicity, Entrepreneurship Development Programme (EDP) training, Physical verification & Geo-tagging, Evaluation & impacts Assessment study, Setting of Entrepreneurship Facilitation Centre (EFC), Center of Excellence (CoE), Engagement of Field Experts and Data Entry Operators (DEOs), Creation and Upgradation of IT infrastructure, Awards, Call Centre facility, PMU, and other related activities and settlement of other residual liabilities by the KVIC. Levels of support under PMEGP 1.  For setting up new micro-enterprise (units) a) Categories of beneficiaries under PMEGP (for setting up of new enterprises): General Category Beneficiary's contribution (of project cost): 10% Rate of Subsidy (of project cost): 15% for Urban Areas, 25% for Rural Areas. b) Categories of beneficiaries under PMEGP (for setting up of new enterprises): Special Category (including SC, ST, OBC, Minorities, Women, Ex-Servicemen, Transgenders, Differently abled, NER, Aspirational Districts, Hill and Border areas(as notified by the Government), etc. (i) Beneficiary's contribution (of project cost): 05% (ii) Rate of Subsidy (of project cost): 25% for Urban Areas, 35% for Rural Areas. Note: The maximum cost of the project/unit admissible for Margin Money subsidy under the Manufacturing sector is ₹50,00,000. The maximum cost of the project/unit admissible for the Margin Money subsidy under the Business/Service sector is ₹20,00,000. The balance amount (excluding the own contribution)of the total project cost will be provided by Banks. If the total project cost exceeds ₹50,00,000 or ₹20,00,000 for Manufacturing and Service/Business sector respectively, the balance amount may be provided by Banks without any Government subsidy. 2.  2 nd Loan for Upgradation of Existing PMEGP / REGP / MUDRA Units a) Categories of beneficiaries under PMEGP (for upgradation of existing units): All Categories b) Beneficiary's contribution (of project cost): 10% c) Rate of Subsidy (of project cost): 15% (20% in NER and Hill States). Note: 1) The maximum cost of the project/unit admissible for Margin Money subsidy under the Manufacturing sector for upgradation is ₹10,00,00,000. The maximum subsidy would be ₹15,00,000 (₹20,00,000 for NER and Hill States). 2) The maximum cost of the project/unit admissible for Margin Money subsidy under the Business/Service sector for upgradation is ₹25,00,000. The maximum subsidy would be ₹3,75,000 (₹5,00,000 for NER and Hill States). 3) The balance amount (excluding the own contribution)of the total project cost will be provided by Banks. 4) If the total project cost exceeds ₹10,00,00,000 or ₹25,00,000 for Manufacturing and Service/Business sector respectively, the balance amount may be provided by banks without any Government subsidy.",Not provided in source dataset,Not provided in source dataset
S009,Tejaswini-the Radiant,Not specified,"Any female domicile of J&K, essentially registered with Mission Youth, J&K. Any individual women/ women entrepreneur (s)/ enterprise where women entrepreneurs hold not less than 50% of financial holding. Preference will be given to the categories of women entrepreneurs trained in Rural Self Employment Training Institutes (R-SETIs)/ Skill Development Institutions etc. any other training institute. The applicant should not be a defaulter to any Bank /Financial Institution. The financial assistance would be given only to women between the age of 18 to 35 years having a qualification of 10th standard or above. Provided that CEO Mission Youth shall be competent to relax the educational qualification criteria for deserving candidates on a case to case basis, based on proper justification. The beneficiary must be unemployed and registered with the concerned District Employment & Counseling Center No criteria regarding income of the family would be considered for the eligibility under this scheme. One woman can seek the assistance under this scheme only once. The amount of self assistance provided by Mission Youth (MY) has to be compulsorily utilized for self employment generation only. If the total project cost of the self employment unit to be set up by the beneficiary exceeds Rs 5.00 lakh, the amount over and above shall have to be self financed by the applicant. ﻿","Business & Entrepreneurship, Women and Child",New/Existing,Not specified,Any,Not specified,Not specified,Yes,"A financial assistance of Rs. 5 lakh under Mudra loan from J&K Bank Re-payment of Financial Assistance provided under this scheme shall be interest free. Mission Youth, J&K shall provide an amount of Rs. 50,000 or 10% of project cost (Whichever is minimum) as special incentive (subsidy) towards the loan which shall be adjusted towards monthly installments of the loan for first six months. Interest subsidy up to Rs 0.60 lakh per beneficiary shall be provided by Mission Youth, J&K. The interest subsidy, however, shall be provided only on production of necessary documents (including Bank statement/ Income Tax statement/ certificate by DLIC) testifying the sustainability of the activity. ﻿",Not provided in source dataset,Not provided in source dataset
S010,Students Ready,Not specified,"Eligibility A student, who is pursuing UG programme in SAUs/DUs/CAU/CUs of NARES in courses duly accredited by the National Agricultural Education Accreditation Board (NAEAB) of ICAR, New Delhi The student must maintain merit and good conduct as certified by the Head of College/University/Institution. He/  She should not remain absent during the programme without prior permission of the Competent Authority. The candidate should not participate in any agitation/ strike and should not take up any job even on part time basis or any other financial assistance for the same activities during the period.","Education & Learning, Agriculture,Rural & Environment",New/Existing,Not specified,Any,Not specified,Not specified,Yes,"Benefits The stipend payable to the Student shall be Rs. 3,000/- (Rs. 2,500/- as ICAR Share + Rs 500/- as State Share) per student per month for a maximum of six months. An amount of Rs. 500/- per student/per month will also be provided as ICAR Share towards operational expenses (meeting faculty expenses, contingency, POL, medicines, etc.) during the programme. ﻿ Mode of Payment The stipend shall commence from the month a student joins the RAWE/In Plant training/ Internship/ Industrial attachment etc. for a maximum period of six months only. The University will be paid the money in lump-sum in advance. For this university will have to submit demand to ICAR as per rule well in advance. The University shall transfer the stipend into the student’s bank account and ensure the Direct Benefit Transfer (DBT) which will be linked to AADHAR (UID) of the student beneficiary. The university will provide a copy of compiled bank statement to ICAR, New Delhi every year. The University must provide the State Share (Rs. 500/-per student per month) failing which ICAR may stop grants to the University. The student may be paid the stipend on a monthly basis at the end of each month. In no case, ICAR will make any payment directly to the student. ﻿ Termination of Stipend The stipend will be terminated if a student will leave the course before its completion. No stipend will be paid if the student changes discipline or the University without any valid reasons and prior permission of the Competent Authority..",Not provided in source dataset,Not provided in source dataset
S011,PM Street Vendor’s AtmaNirbhar Nidhi (PM SVANidhi),Not specified,"Street vendors in possession of Certificate of Vending / Identity Card issued by Urban Local Bodies (ULBs). The vendors, who have been identified in the survey but have not been issued Certificate of Vending / Identity Card. Street Vendors left out of the ULB-led identification survey or who have started vending after completion of the survey and have been issued a Letter of Recommendation (LoR) to that effect by the ULB / Town Vending Committee (TVC). The vendors of surrounding development/ peri-urban/rural areas vending in the geographical limits of the ULBs, who have been issued a Letter of Recommendation (LoR) to that effect by the ULB / TVC.","Business & Entrepreneurship, Skills & Employment, Social welfare & Empowerment",New/Existing,Not specified,Any,Not specified,Not specified,Yes,"Financial assistance of up to ₹10,000 is provided to street vendors to help them restart and expand their businesses. The loan is provided at a low-interest rate of 7%, making it easier for street vendors to repay the loan. No collateral is required to avail of the loan, making it more accessible to street vendors. There is no processing fee to apply for the scheme, making it cost-effective for street vendors. The loan amount can be used for any purpose related to the street vending business, such as buying raw materials, paying rent, or purchasing equipment. The scheme provides financial stability to street vendors and helps them to become self-reliant. The loan repayment period is one year, which gives street vendors sufficient time to repay the loan. The scheme encourages entrepreneurship and helps to create employment opportunities. The scheme is aimed at providing financial assistance to street vendors affected by the COVID-19 pandemic, helping them to recover from the economic impact of the pandemic. The scheme is implemented at the national level and is available in all States and Union Territories, making it accessible to street vendors across the country.",Not provided in source dataset,Not provided in source dataset
S012,Credit Linked Subsidy Scheme for Rural Entrepreneurs to set up Custom Hiring Centres (CHC) of Farm Machinery,Not specified,"Individual farmers registered under Krishak Bandhu (New) Scheme. Or, Groups like SKUS/PACS/FPO/FPC/FIG/SHG duly graded /LAMPS etc. approved/recognized by any Govt. Institutions/Departments are eligible to set up CHC. The project cost/Total Financial Outlay (TFO) should be between minimum ₹20,00,000/-to maximum as per SMAM Guideline and SPMT recommendation. The applicant should have sufficient land under his possession (own land/leased/hired) for setting up the CHC. The land in question must belong to “commercial or bastu or viti” category. The age of the beneficiary should be minimum 18 years at the time of application. ﻿","Agriculture,Rural & Environment",New/Existing,Not specified,Any,Not specified,Not specified,Yes,"Pattern Of Assistance: The maximum subsidy will be limited to 40% of the Total Financial Outlay(TFO) (TFO = indicative cost of machinery including transportation + AMC for 3 years + cost of open shed + insurance for 1 year). Minimum TFO would be ₹20,00,000/- and the maximum would be as per SMAM Guideline and SPMT recommendation. An individual entrepreneur shall avail subsidy amounting ₹16,00,000/- or 40% of the TFO whichever is less to set up CHC. The maximum amount allowed for the cost of open shed for machinery will be limited to 5% of the TFO and total ancillary cost (other than machinery) should not exceed 10% of TFO. An individual entrepreneur shall avail subsidy amounting ₹16,00,000/- or 40% of the TFO whichever is less. Note: The applicant will have to deposit margin money of a minimum amount of 25% of TFO to the financing bank before release of subsidy by the DDA (Admn.) to the Bank and remaining amount will be bank loan. No machine/equipment will be procured by the Government. The Government will only release subsidy as back ended subsidy against procurement by the beneficiaries as per their choice under CHC with Bank Loan. The subsidy will be released through DBT mode to the concerned bank branch to subsidy reserve fund/loan account for CHC. The subsidy will only be applicable for purchase of farm machinery/equipment from the approved Farm machinery Manufacturers and Dealers as enlisted in the Departmental portal. A beneficiary or his/her spouse will not be eligible to apply afresh before completion of 4(four) years from release of the last subsidy for CHC scheme from the State under this Guidelines. The subsidy will be provided from SDS and different CSS like RKVY- Cafeteria, SMAM, NFSM( Pulse/Rice/Nutri Cereals), TRFA ( Pulse/Coarse Cereals), NMEO for implementation of CHC.",Not provided in source dataset,Not provided in source dataset
S013,Chief Minister's Micro Finance Initiative,Not specified,"Eligibility Criteria Individual Farmers They should not be defaulters to any bank. They should have sufficient land for land-based activity in the name of the borrower or on lease with the remaining period of the lease agreement not less than the tenure of the loan. In the case of non-cadastral areas, a document issued by the concerned Village Council, and countersigned by the area administrative officer certifying the land-holding shall be sufficient for the purpose. They should generally have adequate experience or training in respect of the activity for which they seek assistance. ﻿ Self-Help Groups:  All SHGs (including non-NSRLM SHGs) fulfilling the Panchasutra concept i.e. holding Regular meetings; regular savings; regular inter-loaning; timely repayment; and up-to-date books of accounts shall be considered for assistance under the Scheme. SHGs would be financed, primarily, by the bank where they have their Bank Account. SHGs shall be graded on the basis of the “Panchsutra” concept. The group members should have sufficient land, either self-owned or on a lease, to carry out land-based activities. ﻿ Farmer Producer Organizations  The FPO should have been registered and should have at least three years of audited Balance Sheet Board members of FPOs and all members should be non-defaulters to any bank/ financial institution The FPO should not be at losses The FPO should have at least 100 shareholders and a minimum paid-up capital of Rs 1,00,000. The activity should be relevant to the prime activity of the FPO. The maximum borrowing of the FPO should be restricted to 2/3rd of their paid-up share capital or as per the borrowing power of their bye-laws. At least 80% of members should be participating in and benefit from the FPO either through the supply of input or aggregation of produce and marketing. ﻿","Banking,Financial Services and Insurance",New/Existing,Not specified,Any,Not specified,Not specified,Yes,"Benefits To increase farmers' income by increasing investment in the sector, quality inputs, and technology. To promote investment in Agri & Allied, and in the small enterprise sectors. To promote credit discipline and encourage the Banking Sector to support Agricultural and small enterprise sectors in the State. To improve the agri-marketing network and infrastructure in the State. To promote private enterprise.",Not provided in source dataset,Not provided in source dataset
S014,"Scheme for Assistance to Micro, Small and Medium Enterprises (MSME): Assistance for Interest Subsidy (Manufacturing Sector)",Not specified,"The firm must be a Micro/Small/Medium enterprise. The enterprise must be in the manufacturing sector. The term loan must be sanctioned by a recognized Bank/Financial Institution (excluding NBFCs). The enterprise must apply within one year of loan disbursement or before the commercial production starts. The enterprise must remain operational for at least 7 years post-subsidy approval. The enterprise must comply with pollution control measures. Only one type of investment (Forward Integration, Backward Integration, Diversification, or Expansion) will be eligible for subsidy.",Business & Entrepreneurship,New/Existing,Not specified,Any,Not specified,Not specified,Yes,"Financial Assistance: Category of Taluka Quantum of Incentive  Category I ﻿ 7% on Term Loan with a maximum amount of ₹35,00,000/- per annum for a period of 7 years ﻿ Category II ﻿ 6% on Term Loan with a maximum amount of ₹30,00,000/- per annum for a period of 6 years ﻿ Category III & Municipal Corporation Areas 5% on Term Loan with a maximum amount of ₹25,00,000/- per annum for a period of 5 years",Not provided in source dataset,Not provided in source dataset
S015,Dr.Babasaheb Ambedkar Udyog Uday Yojana: Assistance for Interest Subsidy (Manufacturing Sector),Not specified,"The firm must be a Micro/Small/Medium enterprise run by SC/ST entrepreneur. The enterprise must be a manufacturing enterprise. The enterprise must be engaged in the manufacturing sector. The term loan should be availed from a recognized bank or financial institution. The loan must be sanctioned before the enterprise starts commercial production. If the enterprise installs a solar/renewable energy plant, it must be for captive consumption. The enterprise must bear a minimum of 2% interest on the term loan. The application must be submitted within the prescribed timeline. Note: SC/ST Enterprise: SC/ST Enterprise means the enterprise in which contribution of SC/ST entrepreneur is 51% or more.",Business & Entrepreneurship,New/Existing,Not specified,Any,Not specified,Not specified,Yes,"Financial Assistance: Category of Taluka Quantum of Incentive  Category I ﻿ 8% on Term Loan with a maximum amount of ₹35,00,000/- per annum for a period of 7 years ﻿ Category II ﻿ 7% on Term Loan with a maximum amount of ₹30,00,000/- per annum for a period of 6 years ﻿ Category III & Municipal Corporation Areas 6% on Term Loan with a maximum amount of ₹25,00,000/- per annum for a period of 5 years",Not provided in source dataset,Not provided in source dataset
S016,Dalit Bandhu,Not specified,"Here are the eligibility criteria for the scheme: ﻿ The scheme is applicable only to families belonging to the SC community. The applicant must be a resident of Telangana. The family should have an annual income of less than Rs. 2.5 lakh. The family should not own more than 3 acres of agricultural land or more than one residential house. The applicant should not have availed of any other government loan or subsidy. The applicant should have a viable business plan or entrepreneurial idea that can be supported by the grant. The applicant should be willing to contribute 10% of the project cost. The applicant should have a bank account. The applicant should have a digital identity, such as an Aadhaar card. The applicant should be between the ages of 25 and 50. The applicant should have passed at least the 10th standard. The applicant should not have a criminal record or have been convicted of a crime. ﻿ These eligibility criteria have been put in place to ensure that the scheme benefits those who are most in need of financial assistance to start their own businesses or entrepreneurial ventures. By targeting eligible SC families who meet these criteria, the government aims to ensure that the benefits of the scheme reach the intended beneficiaries and help to reduce economic disparities in the state. ﻿ The eligibility criteria for the Dalit Bandhu scheme in Telangana are based on the socio-economic conditions of the Dalit families. According to the Telangana Chief Minister, K. Chandrasekhar Rao, the following parameters will be considered in the eligibility survey: ﻿ Land holdings Annual income Savings Liabilities Education Skills Employment status ﻿ The eligibility survey will be conducted by a dedicated agency, the Telangana Dalit Bandhu Corporation, which will also provide capacity-building and training programs, as well as support for marketing and access to credit. It is worth noting that the scheme is not based on caste certificates, but on the socio-economic conditions of the families. Eligible Dalit families will receive financial assistance of Rs. 10 lakhs in a phased manner to start their own businesses or ventures.","Social welfare & Empowerment, Skills & Employment, Banking,Financial Services and Insurance, Business & Entrepreneurship",New/Existing,Not specified,Any,Not specified,Not specified,Yes,"The Dalit Bandhu Scheme in Telangana has several benefits for the Scheduled Caste (SC) families who are eligible for the scheme. Here are some of the benefits: ﻿ Financial assistance: The scheme provides financial assistance of Rs. 10 lakhs to eligible SC families to start their own businesses or entrepreneurial ventures. This grant can be used to purchase equipment, raw materials, and other resources needed to start a business, which can help these families become self-reliant and improve their financial status. There is a one-time capital assistance of Rs.10 lakhs per SC family is provided for all SC families as a 100% grant/subsidy to establish suitable income-generating schemes as per their choice (without bank loan linkage). ﻿ Employment opportunities: The scheme is expected to create employment opportunities for the beneficiaries as they start their own businesses. This can help to reduce unemployment and poverty among the SC community in Telangana. ﻿ Promotes entrepreneurship: The scheme is aimed at promoting entrepreneurship among the SC community in Telangana, which can help to create a culture of innovation and self-reliance. By providing financial support and guidance, the scheme encourages SC families to take up entrepreneurship as a viable career option. ﻿ Reduces economic disparities: The scheme is expected to reduce economic disparities between the SC community and other sections of society by promoting economic development among the marginalized sections of society. This can lead to more inclusive growth and development in the state. ﻿ Empowers SC families: By providing financial assistance and support to start their own businesses, the scheme empowers SC families to take charge of their own economic development and become self-sufficient. This can help to reduce their dependence on government subsidies and loans and promote a sense of pride and dignity. ﻿ Moreover, Dalit Bandhu Scheme in Telangana has several benefits for the SC community, including financial assistance, employment opportunities, and the promotion of entrepreneurship. The scheme has the potential to reduce economic disparities and promote inclusive growth in the state. ﻿",Not provided in source dataset,Not provided in source dataset
S017,Mukhya Mantri Shahri Ajeevika Guarantee Yojna,Not specified,"1.	All adult members of the household who register under this scheme will be eligible to work. To register they have to be: Local resident of the Urban Local Body. (Meaning thereby they should be residing within the jurisdiction of the Urban Local Body either in their own house or on rent). Willing to do unskilled work at projects being executed or in Sanitation Services being provided by the Urban Local Bodies. 2.	The household will comprise of husband, wife, and their minor children. However, only adult members of the household shall be eligible to work. 3.	The upper age limit for providing work shall be 65 years. Permissible Activities: 1.	All eligible beneficiaries will be employed in the following permissible activities in ULBs: In any ongoing or new admissible work under any Govt. of H.P./Govt. of India scheme for which funds are available with ULB. In any admissible work under the 15th Finance Commission or 5ffi State Finance Commission for which grant-in-aid is provided to the ULBs. Sanitation Works/Services as admissible under Solid Waste Management Rules, 2016 and Swachh Bharat Mission. The sanitation works/services may include activities like street sweeping, garbage collection, processing/removal of legacy waste, waste segregation, cleaning of garbage from hill slopes or other litter points, cleaning and maintaining municipal parks, and cleaning of municipal parking. 2. The Urban Local Bodies shall not start any muster-roll linked work/activity under this scheme and shall get eligible beneficiaries employed only in the works specified above (a). 3. The Urban Local Bodies shall make enabling provisions in all new contracts to be awarded for engaging eligible beneficiaries under MMSAGY as unskilled workers by the implementing agency. For the works already awarded, the Urban Local Bodies will coordinate with the implementing agency to which the work has been awarded for engaging the registered eligible beneficiaries under MMSAGY.",Skills & Employment,New/Existing,Not specified,Any,Not specified,Not specified,Yes,"Guaranteed Employment: The scheme provides guaranteed 120 days of employment to eligible beneficiaries in urban local bodies to ensure livelihood security. The ULBs shall not employ an eligible beneficiary for more than 120 days in any financial year. Employment will be given to the eligible beneficiary within 15 days of registration, failing which an unemployment allowance of ₹75 per day will be paid by the ULBs. Maximum Period for Employment: The maximum period for which employment will be provided to a household shall be 120 days. Skill Training: The eligible beneficiaries under this scheme will also be provided skill training under the Deen Dyal Antodaya-National Urban Livelihood Mission (DAY-NULM), to create further opportunities for better livelihood. The eligible beneficiary will be provided skill training with entitlement to minimum wage as notified by the government up to a maximum of four weeks only after doing wage employment of 30 days under MMSAGY. Bank Linkage: The eligible beneficiary so skilled under this scheme will be facilitated to apply for loans under DAY-NULM. The eligible beneficiary provided skill training above, willing to start their Enterprise will be linked to the banks under the Self Employment Programme (SEP) of DAY-NULM. Payment of Wages: Eligible beneficiaries under the scheme will be entitled to minimum wage notified by the State Government. Equal wages are to be paid to both male and female workers. Wages will be directly deposited in the bank account of eligible beneficiaries by the Urban Local Bodies on a fortnightly basis not later than 7 days after completion of 15 days of employment. The payment of wages as prescribed supra will be made after due verification of the attendance by the Junior Engineer or any other officer/official authorized by the Urban Local Body. The payment made above will be adjusted/deducted from the bills of the implementing agency before making its payment.",Not provided in source dataset,Not provided in source dataset
S018,Mukhya mantri Swarojgar Yojana,Not specified,The applicant Should be a permanent resident of Madhya Pradesh. The applicant should have passed in the 5th class. The applicant’s age should be between 18 to 45 years. The applicant’s family should not be an income taxpayer. The applicant should not be a defaulter of any bank. ﻿,"Banking,Financial Services and Insurance, Business & Entrepreneurship",New/Existing,Not specified,Any,Not specified,Not specified,Yes,"Financial help Margin money assistance 15% of the project cost (maximum ₹.1,00,000 for the general category. 30% of the cost (maximum ₹2,00,000) for Below Poverty Line( BPL) , Scheduled Castes(SC)  , Scheduled Tribes(ST), Other Backward Classes(OBC) (except creamy layer)/ Women/ Minority/ Disabled project. Additional provisions - 30% of the project cost (maximum ₹3,00,000 lakh) to the liberated nomadic and semi-nomadic tribes. Bhopal gas victim family members are eligible for an additional 20% (maximum ₹1,00,000 on the project cost. interest subsidy At the rate of 5% per annum of the project cost and for women entrepreneurs at the rate of 6% per annum, for a maximum of 7 years. (Maximum ₹25,000 per annum) Guarantee Fee (CGTMSE/: CGFMU) Up to a maximum of 7 years at the prevailing rate.",Not provided in source dataset,Not provided in source dataset
S019,Chief Minister Agriculture and Food Processing Scheme,Not specified,The beneficiary should have age above 18 years The beneficiary should have Aadhaar Card/ Pan Card . The beneficiary should have Good Bank CIBIL  Score The beneficiary have 7/12 certificate and 8 –A certificate or Lease documents ﻿,"Agriculture,Rural & Environment",New/Existing,Not specified,Any,Not specified,Not specified,Yes,"﻿ Elements of the Scheme - Under this scheme, three components are included as follows. Component No.1 – Establishment of agriculture and food processing units, their upgradation and modernization. Component No. 2 - The cold chain. To establish food processing projects related to pre-processing centre and integrated cold chain. ﻿ ﻿ Financial Assistance: i.	30% subsidy for construction of factories and machines of Processing Unit (Civil work for housing processing unit) and maximum limit of Rs.50.00 lakhs. ii.	Subsidy will be given on the basis of “Credit Linked Back ended subsidy”  in two similar instalments,  a) After completion of the project and b) After full commercial production. iii.	Loan amount should one and half times more than subsidy. ﻿",Not provided in source dataset,Not provided in source dataset
S020,Mukhyamantri Yuva Swarojgar Yojana,Not specified,"The applicant should be a native of Chhattisgarh state. Applicant must have passed minimum 8th class. The age of the applicant should be between 18 to 35 years as of the date of application. (5 years relaxation in maximum age limit for SC/ST/OBC/Women/PWD entrepreneurs/Naxalite affected family members/Retired soldiers) The applicant should not be a defaulter of any nationalized bank / financial institution / cooperative bank. Only one person from a family will be able to apply. The annual income of the applicant's family is Rs. 3,00,000/- (In the definition of family, the applicant's husband/wife and children will be included (In case the applicant is unmarried, the income of the applicant's parents, unmarried siblings will also be included) Applicants who have taken benefit of grant under PMRYO, PMROSRIKA or any other scheme of the Government of India / State Government will not be eligible.",Business & Entrepreneurship,New/Existing,Not specified,Any,Not specified,Not specified,Yes,"Loans from Banks / Financial Institutions Under this scheme, loans will be provided to eligible youth for construction, service and business through banks / financial institutions, the limit of which will be as follows:- Manufacturing Enterprises - Project cost up to Rs.25.00 Lakhs. Service Industry - Project cost up to Rs.10.00 Lakhs. Business - Project cost max Rs.2.00 lakh. ﻿ Guarantee Fee / Annual Fee Assistance Beneficiary category Guarantee Fee / Annual Service Fee for Credit Guarantee Trust of Government of India General class Guarantee fee on the loan amount sanctioned by banks / financial institutions and the annual service fee imposed for the next 04 years. SC/ST/OBC/Minority/Women/Disabled/ Ex-Servicemen / Naxal Affected Guarantee fee levied on the loan amount sanctioned by the bank/financial institutions and the next 4 imputed annual services for years ﻿ Interest Subsidy General class 5% subsidy from the date of first loan disbursement (period of five years As far as) Maximum limit Rs.50000 per annum on Term Loan On Working Capital Loan Rs. 25000 per annum. SC/ST/OBC/Minority/Women/Disabled/Ex-Servicemen / Naxal Affected 8% subsidy from the date of first loan disbursement (period of five years As far as) Maximum limit on Term Loan Rs. 75000 p.a. Working capital loan Rs.40000 p.a. ﻿ Margin Money Grant Beneficiary category Margin money grant General class 10% of the project cost sanctioned by banks/financial institutions subject to a maximum up to Rs. 100,000/- OBC/Minority/Women/Disabled/Ex-Servicemen/Naxal Affected 15% of the project cost sanctioned by banks/financial institutions subject to a maximum up to Rs. up to 1,50,000/- SC/ST 25% of the project cost sanctioned by banks/financial institutions subject to a maximum of Rs. up to 1,50,000/- ﻿",Not provided in source dataset,Not provided in source dataset
S021,Investment Promotion Scheme (IPS) for Thrust Sectors: Assistance For Furniture Sector,Not specified,Should be a New Manufacturing/ Service units or Existing Manufacturing/ Service units which undertakes Expansion/ Diversification in MSME sector. The unit should have commenced the commercial production between 20.05.2022 to 19.05.2027. Unit should be located in the U.T. of Dadra and Nagar Haveli & Daman and Diu. Enterprise shall have to apply at online portal within one year from the date of eligibility.,Business & Entrepreneurship,New/Existing,Not specified,Any,Not specified,Not specified,Yes,"Capital Investment Subsidy: 20% limited to a maximum reimbursement of ₹50,00,000/-. Credit Linked Interest Subsidy: 60% per annum limited to maximum of ₹50,00,000/- per annum for 5 years OR, for the period of repayment of loan whichever is earlier. Space Rent Subsidy: 50% up to a maximum of ₹5,00,000/- on actual rent paid by Furniture Industry for participation in industrial exhibitions in foreign countries. Reimbursement on Course Fee: 50% of the course fee limited to ₹75,000/- per person for training in manufacture of modern furniture in reputed institutions will be reimbursed for a maximum of 5 persons per industry course. Power Rate Incentive: ₹1/- per unit as reimbursement for a period of one year subject to a maximum of ₹50,00,000/- Lakhs from date of commencement of production. Reimbursement on the cost of establishment of Showroom: Owned Showroom: 20% limited to maximum of ₹50,00,000/-. Rented Showroom: 25% of actual rent for 3 years for a showroom with a minimum size of 2000 square feet.",Not provided in source dataset,Not provided in source dataset
S022,Chief Minister's Jeevan Jyoti Swaniyojan Yojana,Not specified,"1.	Age: The applicants should be within the age group of 18-37 years. 2.	Education: The minimum educational qualification is completely up to the 10th standard. However, for women undertaking schemes in handloom and sericulture, the minimum educational qualification is relaxed up to Class V. In the case of male youth, the educational qualification is relaxable up to Class VII for activities related to agricultural practices and animal husbandry. 3.	Group Approach: The scheme is implemented in a group approach with a minimum of four members forming a ""Joint Liability Swabalambi Group."" Individual applicants and two members with a joint account are also considered for certain activities like computer training units/DTP centers. ﻿",Skills & Employment,New/Existing,Not specified,Any,Not specified,Not specified,Yes,"1.	Self-Employment: The scheme provides avenues for self-employment to the educated unemployed youth in Assam. 2.	Institutional Credit: Youth can access institutional credit from nationalized banks, financial institutions, or organizations for their entrepreneurial ventures. 3.	Diversified Sectors: The scheme covers a wide range of sectors, offering employment opportunities in agriculture, horticulture, fisheries, handloom, textiles, poultry farming, and more. 4.	Financial Support: The state government provides financial support to the implementing agency for training, skill upgradation, technology, market promotion, infrastructure support, and management of economic infrastructure. 5.	Margin Money/Subsidy: The government provides margin money/subsidy on a 50% basis of the project cost against the sanctioned loan, with a maximum subsidy of Rs. 1.60 lakhs for a joint liability group of a minimum of four members. ﻿",Not provided in source dataset,Not provided in source dataset
S023,Pradhan Mantri Matsya Sampada Yojana,Not specified,1.	Fishers. 2.	Fish Farmers. 3.	Fish Workers and Fish Vendors. 4.	Fisheries Development Corporations. 5.	Self Help Groups (SHGs)/joint Liability Groups (JLGs) in the Fisheries Sector. 6.	Fisheries Cooperatives. 7.	Fisheries Federations. 8.	Entrepreneurs and Private Firms. 9.	Fish Farmers Producer Organizations/companies (FFPOs/Cs). 10.	SCs/STs/Women/Differently Abled Persons. 11.	State Governments/UTs and Their Entities. 12.	State Fisheries Development Boards (SFDB). 13.	Central Government and Its Entities.,"Agriculture,Rural & Environment",New/Existing,Not specified,Any,Not specified,Not specified,Yes,"Financial assistance for fishing infrastructure: The scheme provides financial assistance to develop fishing infrastructure like fishing harbors, fish landing centers, fish markets, fish feed plants, fish seed farms, and fish processing units. Financial assistance for fish farmers: The scheme provides financial assistance to fish farmers for various activities like the construction of ponds, cages, hatcheries, and nurseries, and for the installation of aeration systems and other equipment. Assistance for fisheries management: The scheme provides financial assistance for the management of fishery resources through the adoption of scientific methods, setting up of fishery management plans, and developing fishery information systems. Credit-linked subsidy for fish farmers: The scheme provides a credit-linked subsidy for fish farmers to encourage them to take up fish farming as a business. Assistance for marketing and export of fish products: The scheme provides assistance for the development of cold chains, fish processing units, and packaging facilities to promote the export of fish products.",Not provided in source dataset,Not provided in source dataset
S024,Mukhyamantri Mahila Udyami Yojana,Not specified,"The applicant must be a permanent resident of Bihar. The applicant must be female. The applicant should have passed at least 10+2, Intermediate, ITI, Polytechnic Diploma, or equivalent. The applicant must be aged between 18 and 50 years. The business unit must be a proprietorship or partnership firm. This scheme also provides benefits to Transgender community.","Business & Entrepreneurship, Women and Child",New/Existing,Not specified,Any,Not specified,Not specified,Yes,"Substantial Financial Support: Receive up to ₹10,00,000/- for setting up a business (50% of the total financial assistance (up to ₹5,00,000/-) is provided as a non-repayable grant. The remaining 50% (up to ₹5,00,000/-) is offered as an interest-free loan, with a nominal 1% interest under specific sub-schemes.) Skill Development: Mandatory training sessions are provided to enhance entrepreneurial skills.",Not provided in source dataset,Not provided in source dataset
S025,Mukhyamantri Mahila Utkarsh Yojana,Not specified,Eligibility The applicant should be a woman who is a permanent resident of Gujarat. The applicant should be 18 years of age or above. The applicant should have passed at least the 8th standard. The applicant should have a valid Aadhaar card. ﻿,"Social welfare & Empowerment, Women and Child",New/Existing,Not specified,Any,Not specified,Not specified,Yes,"Benefits Interest-Free Loans: Women entrepreneurs can avail of interest-free loans of up to Rs. 1 lakh to start or expand their businesses. The loans are provided without any collateral security. Subsidy: The government also provides a subsidy of 6% per annum to women entrepreneurs who repay their loans on time. No Processing Fee: The scheme does not charge any processing fee for the loan application. Repayment Period: The repayment period for the loan is up to 5 years, giving entrepreneurs sufficient time to repay the loan. Skill Development: The scheme provides training and skill development programs to women entrepreneurs to help them build their business acumen and enhance their knowledge of entrepreneurship. Employment Generation: The scheme promotes the creation of employment opportunities for women in the state, leading to the overall economic growth of the state. Financial Independence: The scheme empowers women entrepreneurs and enables them to become financially independent, contributing to their personal and professional growth. No Income Limit: There is no income limit for women entrepreneurs to apply for the scheme, making it accessible to women from all income groups. ﻿",Not provided in source dataset,Not provided in source dataset
S026,Scheme for Providing Employment Opportunities to Scheduled Castes by Establishing Livestock Units,Not specified,"The applicant should be of 18 to 55 years of age and a resident of Haryana. The applicant should belong to the Scheduled Caste community. The applicant must be unemployed (employment even in the private sector would bar an applicant from availing assistance under the Scheme). There will be no mandatory educational qualifications or training requirements. The applicant should have a space/shed for keeping animals. Any applicant who has earlier availed benefits under any Departmental Scheme for the establishment of a livestock unit would not be eligible for availing benefits under the Scheme. The applicant would have to submit a Self-Declaration for being unemployed and for undertaking to abide by other conditions as required under the Scheme. General Note: In case an applicant lives at a place other than where the animals are kept or intended to be kept. Then, the jurisdiction area will be the place where animals are kept or intended to be kept (Within state of Haryana only). Cost of mulch animals has been fixed as per the recommendation of the Unit Cost Committee of National Bank of Agriculture and Rural Development (NABARD) for the year 2019-20. The cost of the animal as determined by the Veterinary Surgeon may be lower depending upon age, number of lactations, breed characteristics, weight, etc., and the assistance as a subsidy would be provided on this lower cost. However, the maximum permissible cost for a grant of assistance as a subsidy would not exceed the cost indicated against in the tables mentioned above. The cost of Indigenous breeds of Red Sindhi, Tharparkar and Gir cows will be same as Sahiwal cow. Only those breeding animals should be purchased which are ready to bred or in prime age of production. Sexual maturity age in Female Goat & Sheep is 8-12 months. While in the case of Male Goat & Sheep, it is 11-12 months. So, female and male goat and Sheep should be purchased between 12-18 months of age. Sexual maturity age in Sow is 8-9 months. While in the case of Boar, it is 9-10 months. So, the Boar and Sows should be purchased between 8-11 months of age.","Agriculture,Rural & Environment",New/Existing,Not specified,Any,Not specified,Not specified,Yes,"Financial Assistance under the Scheme: Establishment of Dairy units of 2/3 milch animals: 50% subsidy on the cost of milch animals which has been availed as a loan for the purchase of these milch animals by the beneficiary for the establishment of dairy units of 2/3 milch animals; Establishment of 10+1 Piggery units: 50% subsidy on the cost of livestock which has been availed as a loan by the beneficiary for the establishment of a 10+1 Piggery unit. A maximum amount of ₹50,000/- will be provided as financial assistance in form of a subsidy. Establishment of 15+1 Sheep/Goat units: 90% subsidy on the cost of livestock which has been availed as a loan by the beneficiary for establishment of 15+1 Sheep/Goat unit. A maximum amount of ₹88,200/- will be provided as financial assistance in form of a subsidy. Note 01: The subsidy will be provided three months after the purchase of livestock or disbursement of the Loan by the bank, whichever is later, and subject to verification of unit by the concerned veterinary surgeon. Note 02: The unit should be financed through a loan from the bank/financial institution. Note 03: The subsidy would be provided in the loan account of the beneficiary. Financial Assistance for Insurance of Livestock Unit: If any Livestock Insurance Scheme is operational by the Department or Haryana Livestock Development Board then the insurance of animals purchased for the establishment of unit is to be covered under that Scheme, wherever permissible. However, if no Livestock Insurance Scheme is operational then the Beneficiary/Bank would have to arrange for the insurance of the animals at their own.",Not provided in source dataset,Not provided in source dataset
S027,Skill Development Allowance Scheme,Not specified,"Subject to the provisions of this Scheme, all educated unemployed applicants shall be eligible for the grant of Skill Development Allowance, who fulfill the following criteria: She/He should be unemployed (i.e. neither employed in Govt. sector nor in private sector nor self employed) and should be a Bonafide Himachali. She/He should have passed minimum 8th from any Board/University/Institution recognized by H.P Govt. There will be no requirement of minimum qualification for admissibility of allowance under the Scheme when applicant wants to pursue training in Sectors such as masonry, carpentry, blacksmithy or plumbing etc. She/He should be registered with any Employment Exchange in Himachal Pradesh as on the date of application. Her/His annual family income for the Financial Year immediately preceding date of application, from all sources including that of spouse should be less than Rs. 2.00 Lakh (Rs. Two Lakhs). She/He should be above 16years and below 36 years of age and in case of widow less than 45 years of age as on the date of application. She/He should not be self-employed. The employment under MGNREGA will not be counted as employment. She/He should not be a dismissed Govt. employee. She/He should not be convicted of any offence resulting in imprisonment for a period of 48 hours or more. She/he should be enrolled in a skill development training.","Skills & Employment, Social welfare & Empowerment",New/Existing,Not specified,Any,Not specified,Not specified,Yes,"Allowance shall be payable to each educated unemployed applicant for a maximum period of two years; subject to fulfilling eligibility criteria & timely submission of attested copies of 8th/matriculation marks sheet/certificate to ascertain age and educational qualification and Affidavit as per form ‘C’, at the following rates: 1. For Physically Challenged person who have minimum 50% permanent disability recorded in her/his Employment Exchange record (X-I), @ ₹1,500/- per month. 2. For all other categories of Persons :- ₹1000/- (Rs. One Thousand) per month. Note: The Allowance shall be credited to the recipient by RTGS/NEFT/ECS through Banks as mentioned in Application Form, on monthly basis at the cost of the Government. This would be on bank accounts which are verified by Aadhaar number by the bank.",Not provided in source dataset,Not provided in source dataset
S028,Samruddhi Scheme,Not specified,Eligibility Criteria – Applicant Age of the applicant should be minimum 21 years Applicant must qualify SSLC(Secondary School Leaving Certificate) An applicant must be a permanent resident of Karnataka The applicant must belong SC community ﻿ Eligibility Criteria for Empanelment of Firms The company should be registered in India The company should provide a franchise/dealership opportunity The firm should have a strong brand and market presence for at least three years The firm should have a minimum of ten franchisee/dealership The firm needs to provide marketing training to the entrepreneurs ﻿ Conditions: 1. The beneficiary will be selected as per merit. He should go through the screening process at the district level and should be approved by the franchisor 2. The beneficiary must compulsorily must undergo the orientation program conducted by the franchisor 3. The selected candidate if at any stage is found ineligible such sanction from the corporation stands cancelled. The physical and financial targets have been calculated as per population and such targets have been communicated at the district level. ﻿ ﻿,"Social welfare & Empowerment, Business & Entrepreneurship, Women and Child",New/Existing,Not specified,Any,Not specified,Not specified,Yes,"Under this scheme, Government of Karnataka provides an initial capital up to 10 lakhs with training and overall capacity building to carry out chosen business activities. Continued mentorship and support to face roadblocks that may arise and create a robust, sustainable business enterprise. Benefits to Franchisors Samruddhi Scheme is an opportunity to venture into new markets and reach new customer segment with virtually no additional cost The Prospect of increasing the market share through new Franchises or Dealerships Samruddhi Scheme is assisting in identifying potential entrepreneurs especially in Tier 2, and Tier 3 cities that further results in saving of cost, time and effort ﻿",Not provided in source dataset,Not provided in source dataset
S029,"Scheme for Assistance to Micro, Small and Medium Enterprises (MSME): Assistance for Interest Subsidy (Service Sector)",Not specified,"The firm must be a new Micro/Small/Medium enterprise. The enterprise must be in the service sector (listed in Annexure A & B ) are eligible. The term loan must be sanctioned by a recognized Bank/Financial Institution. The enterprise must apply within one year of loan disbursement or before the commercial production starts. The enterprise must remain operational for at least 7 years post-subsidy approval. The enterprise must comply with pollution control measures. Only one type of investment (Forward Integration, Backward Integration, Diversification, or Expansion) will be eligible for subsidy.",Business & Entrepreneurship,New/Existing,Not specified,Any,Not specified,Not specified,Yes,"Financial Assistance: Category of Taluka Quantum of Incentive  Category I ﻿ 8% on Term Loan with a maximum amount of ₹35,00,000/- per annum for a period of 7 years ﻿ Category II ﻿ 7% on Term Loan with a maximum amount of ₹30,00,000/- per annum for a period of 6 years ﻿ Category III & Municipal Corporation Areas 6% on Term Loan with a maximum amount of ₹25,00,000/- per annum for a period of 5 years ﻿ Additional Subsidy: 1% extra interest subsidy for registered startups in the service sector with Udyam/MSME Registration.",Not provided in source dataset,Not provided in source dataset
S030,Dr.Babasaheb Ambedkar Udyog Uday Yojana: Assistance for Interest Subsidy (Service Sector),Not specified,"The firm must be a Micro/Small/Medium enterprise run by SC/ST entrepreneur. The enterprise must be a manufacturing enterprise. Only new MSMEs in the service sector (as per Annexure A and B ) are eligible. The enterprise must have a term loan sanctioned for new machinery, equipment, or furniture/fixtures. The loan should be sanctioned within one year before the commencement of commercial production. Enterprises must have proper tax and business registrations. Note: SC/ST Enterprise: SC/ST Enterprise means the enterprise in which contribution of SC/ST entrepreneur is 51% or more.",Business & Entrepreneurship,New/Existing,Not specified,Any,Not specified,Not specified,Yes,"﻿ Financial Assistance: Category of Taluka Quantum of Incentive  Category I ﻿ 8% on Term Loan with a maximum amount of ₹35,00,000/- per annum for a period of 7 years ﻿ Category II ﻿ 7% on Term Loan with a maximum amount of ₹30,00,000/- per annum for a period of 6 years ﻿ Category III & Municipal Corporation Areas 6% on Term Loan with a maximum amount of ₹25,00,000/- per annum for a period of 5 years Additional Subsidy: 1% extra interest subsidy for registered startups in the service sector with Udyam/MSME Registration. ﻿ ﻿ ﻿ ﻿ ﻿",Not provided in source dataset,Not provided in source dataset
S031,Sarothi Scheme,Not specified,"Eligibility All innovative startup industrial activities and the new individual applicant will be eligible to get the benefit under the Sarothi scheme. New Micro, Small and Medium Enterprises (MSME) units in Assam are eligible for these benefits. Priority will be given to an applicant if he or she undergoes any skill development training. If the applicant is a defaulter of any Bank or Financial Institution, he or she will not be eligible for benefits under the Sarothi scheme.",Social welfare & Empowerment,New/Existing,Not specified,Any,Not specified,Not specified,Yes,Financial Assistance The government provides financial assistance for startups in the form of loans with interest subvention The loan amount will be a maximum of Rs. 10.00 lakh.,Not provided in source dataset,Not provided in source dataset
S032,Entrepreneurship and Skill Development Programme,Not specified,"The age of the participants will be 18 years and above. Youth and other people interested in setting up their own industrial/business/self-employment venture. The qualification of the participants and structure of the fees will be decided by the Implementing Agencies i.e. Director/Officer in charge of the programme conducting organization. About 40% of the targeted beneficiaries of E-SDPs should be from weaker sections of the Society (SC/ST/Women/Physically Handicapped). Note: Payment of fee will be exempted for SC, ST, Differently- Abled Persons, Ex-Servicemen, Below Poverty Line (BPL) category participants and women.","Business & Entrepreneurship, Skills & Employment",New/Existing,Not specified,Any,Not specified,Not specified,No,"Assistance under the ESDP Scheme: The programme includes the following modules- 1.	Entrepreneurship Awareness Programme (EAP): One Day Entrepreneurship Awareness Programme is an activity to identify and motivate traditional/non-traditional entrepreneurs, who have the potential to set up MSEs with the objective of leading them towards entrepreneurship/self-employment. It consists of formal inaugural and technical sessions and one-to-one discussions with interested participants for counselling and mentoring. At least one EAP should be organized in each district. The intake capacity for the programme will be 50 to 100 persons. 2.	Entrepreneurship-cum-Skill Development Programme (E-SDP) Existing E-SDP: This six-week activity is aimed at conducting special entrepreneurship development programmes for new livelihood enterprise creation and rural enterprise development. This is a product-cum-process oriented activity-based programme. Comprehensive training programmes will be organized to upgrade the skills of prospective entrepreneurs coupled with specific skills in hands-on practice or demonstration relating to activities. The programme is suitably tailored to the needs of trade or specific activity and the target group of trainees covered under the specific training programme. Advanced E-SDP: The Minimum One-Week Advanced E-SDP Programme will have to be conducted with the intake capacity for the programme will be about 20 participants. The advanced ESOP programmes will be conducted through IIMs/IITs/ICAR/CSIR/BARC/IISC/NIT/Agricultural University of Central and State government etc. of repute will be roped in to provide ESDP training. 3.	Management Development Programme (MDP) Existing MDP: This one-week activity is aimed at capacity building of MSMEs through inputs on management practice systems to improve their decision-making capabilities resulting in higher productivity and profitability of existing and potential entrepreneurs and developing new enterprises. Inputs on a variety of topics of managerial functions will be provided to the participants by experts, which aim at the dissemination of knowledge of scientific/modern management techniques/practices. The intake capacity for the programme will be 25-30 participants. The age of the participants will be 18 years and above. Advanced MOP: The Minimum One-week Advanced MOP Programme will have an intake capacity for the programme will be about 25 participants. The Advance MDP Training Programmes will be conducted through State Administrative Training Institutes (ATIs) and/or other reputed institutions in this domain of Central or State Governments/NITs/Regional Engineering Colleges/Agricultural colleges/Autonomous bodies of Central/State Governments to provide MDP training to MSMEs promoters/executives. In this programme Central/State Governments (including the Ministry of MSME)/Bank officers and other stakeholders can also participate to enhance their knowledge with a minimum of 75% MSME participants. Note 01: The activities/programmes will be conducted through different field offices of the office of DC (MSME), MSME-DIs, Technology Centres and State Government Agencies, as approved by the Empowered committee headed by AS&DC( MSME) from time to time. Note 02: Information on flagship programmes/schemes such as MUDRA, Start-up India and Stand-up India, ASPIRE, PMEGP and SC/ST Hub shall be provided to the participants. Note 03: While providing in-puts on financing, a couple of sessions on alternate sources of funding like Angel Funding, Venture Capital, Crowd Funding etc. may be included in the programme syllabus. Note 04: Some State Governments have introduced schemes for new entrepreneurs. Adequate care should be taken to provide information on these schemes as well. Note 05: Special programmes should be organized in Aspirational, Backward Districts and the North Eastern Region (NER) based on the local strength and potential.",Not provided in source dataset,Not provided in source dataset
S033,National Beekeeping & Honey Mission,Not specified,Anyone can apply for the scheme,"Agriculture,Rural & Environment, Social welfare & Empowerment",New/Existing,Not specified,Any,Not specified,Not specified,No,"Details of activities envisaged, cost norms and pattern of assistance approved under Mini Mission I & II and III can be checked at NBHM Guidelines. ﻿ The scheme envisages the following benefits: 1)	Enhances yields & quality of produce of various crops viz., fruits, vegetables, pulses, oil seeds, etc. through pollination support 2)	Helps in sustainable development of Agriculture and Environment. 3)	Helps in maintaining Biodiversity 4)	Increases income of beekeepers/ farmers/ land less labours, etc. through production of honey & other beehive products, viz.; Bees wax, Propolis, Pollen, Royal Jelly, Bee venom, comb honey, etc. which have great importance in human life. 5)	Generates employment. 6)	Serves as a source of livelihood 7)	It helps in prosperity of farmers, healthy people and strong Nation. 8)	Adopt Scientific Beekeeping for own and Nation’s prosperity.",Not provided in source dataset,Not provided in source dataset
S034,"Goa (Technical/ Vocational Training To Sex Workers And Sexually Abused Women) Scheme, 2013 (PRABHAT)",Not specified,The applicant should be the Women and Children who are victims of Commercial Sexual Exploitation. The applicant should be either residing in Goa or be a native of Goa. NOTE 1: The place of commercial sexual exploitation is not a criterion for eligibility (women and girls from Goa being commercially sexually exploited outside Goa also qualify).,"Social welfare & Empowerment, Education & Learning, Health & Wellness, Business & Entrepreneurship, Skills & Employment, Women and Child",New/Existing,Not specified,Any,Not specified,Not specified,Yes,"(For availing of the benefit under this scheme the victim has to reside in Goa) ﻿ Financial Assistance The beneficiary (excluding victims housed in Protective Home) will be provided with a stipend of ₹ 2,500/- per month for a period of three months or till she joins a livelihood programme, whichever is earlier. ﻿ Technical/Vocational Training Based on their literacy, skills, interest, etc, the Mentor/Probation Officer will help the beneficiary to join a technical/vocational training programme of the Government or Non-Government institutes, emphasizing on the training programmes which has opportunities for jobs or setting up their own enterprise, such as, repair of the home appliances, mobile repair, beauty treatment, tailoring, bakery, catering, etc. The fees, travel and other miscellaneous expenses will be covered. ﻿ Education The beneficiary, if she is interested in pursuing her education, will be supported for her education till 12th Standard. All the expenses related to her education, boarding, travel, fees, books, toiletries, etc., may be paid. ﻿ Shelter If in need of shelter, she shall be admitted to a shelter home/protective home being managed by a non-Government organization or Government organization or organization receiving grants from the State/Central Government. ﻿ Psycho-Social Services A victim of commercial sexual exploitation will be provided counselling by Probation Officer or by a person appointed as “Mentor” or by a professional counsellor or psychiatrist working in a Government or non-Government organization. Expenses incurred for fees, travel, medicine, etc., will be covered. ﻿ Health The victim shall be provided health services for all kinds of ailments at the Government hospital. Victims suffering from HIV or Tuberculosis will be connected to ART and DOTS schemes. In cases where the victim is suffering from AIDS and requires institutional care, she shall be admitted to one of the care centres meant for people with HIV/AIDS, for a period of six months. ﻿ Children The children of the trafficked victim shall be provided counselling and assistance for admission in the school by the Probation Officer or by a person appointed as a “Mentor”. All the expenses related to the education of the children, such as boarding, travel, fees, books, toiletries, etc., up to 12th Standard shall be covered. ﻿ Reintegration The Probation Officer or “Mentor” shall help the victim in reintegrating with her family and community by providing counselling to the family members and if necessary to the members of the community. ﻿ Protection The Probation Officer or “Mentor” shall take the assistance of the family members, community members, religious leader, local police and Integrated Anti-human Trafficking Unit of Goa police in ensuring that the victim is not harassed by the traffickers. The Probation Officer or Mentor may also make a written complaint to the Chairperson of the Goa State Commission for Women, for victims' protection and the Commission shall take necessary action to protect the victim. ﻿ Livelihood (a) The Probation Officer or “Mentor” shall assist her in finding a job, based on her interests and skills. In case the victim is unable to get a job or is not interested in a job, then the Probation Officer or “Mentor” based on the interest, skill and viability of a business shall help her in setting up a business enterprise. ﻿ Livelihood (b) Those victims who have successfully completed the vocational training may be provided all the support by the Probation Officer/Mentor for preparation of project reports, availing loan from financial institutions etc. The Department may provide such financial assistance to the victim for setting up business enterprises as may be decided by the Government from time to time.",Not provided in source dataset,Not provided in source dataset
S035,Border Areas Development Department,Not specified,"The BADP is a Core Centrally Sponsored Scheme (CSS). Presently, the Program covers 396 Blocks of 111 border Districts in 16 States and 2 Union Territories abutting the International Boundary viz. Arunachal Pradesh, Assam, Bihar, Gujarat, Himachal Pradesh, Jammu & Kashmir (UT), Ladakh (UT), Manipur, Meghalaya, Mizoram, Nagaland, Punjab, Rajasthan, Sikkim, Tripura, Uttar Pradesh, Uttarakhand and West Bengal. Previously it has largely worked as a 'stand-alone' vehicle for project financing; it will now be converted to a programme which seeks comprehensive development. The program will cover all the census villages/ towns, semi-urban and urban areas located within 0-10 Km distance (crow — fly/ aerial distance) from the first habitation from International Boundary (IB). The imaginary line joining all the first habitations from the IB will be the Zero line for BADP and the 10 km distance towards the interior will be calculated from this zero line. The State/UT Government will compile and provide a latest map of this border belt (0-10 Km) - district wise, depicting all the census villages, semi-urban/ urban areas with latest population statistics. The State/UT Government will furnish village/ town code (2011 Census) allotted by Office of the Registrar General & Census Commissioner, Government of India, for mapping of the villages/ towns on the BADP Online Management System (BADP OMS). Within this 0-10 km area, census villages, semi-urban and urban areas identified by BGFs as 'strategic villages/towns' shall be given highest priority. Once 0-10 km area is saturated, the program may cover 10-20/30/40/50 km area ﻿ The funding is 90:10, 90% Central, 10% State respectively as of now. ﻿ ﻿",Transport & Infrastructure,New/Existing,Not specified,Any,Not specified,Not specified,No,"(A) Roads and Bridges (i) Construction and up-gradation of roads. (ii) Construction of bridges and culverts. (iii) Construction of Foot Suspension Bridges. (iv) Construction of retaining walls to protect the roads in hilly areas. (B) Health infrastructure: (i) Construction of houses for Government doctors, paramedics and other Government officials engaged in the health sector in border census villages/ habitations. (ii) Building infrastructure (SHC/PHC/CHC) including their up-gradation. (iii) Setting up of Government mobile dispensaries/ambulances. (iv) Purchase of medical equipment in Government Hospitals. (C) Education infrastructure: (i) Construction of houses for Government teachers and other government officials engaged in education sector. (ii) Construction of Primary/ Middle/ Secondary/ Higher secondary school buildings and their up-gradation/addition such as construction of additional classrooms, computer rooms and laboratories. (iii) Construction of hostels/ dormitories in Secondary/ Higher Secondary school. (D) Agriculture infrastructure (I) Construction of minor irrigation works. (ii) Water conservation programs. (E) Sports infrastructure: (I) Construction/ development of play fields. (ii) Construction of a mini stadium. (iii) Construction of indoor courts for table tennis/ badminton/ basketball / handball. (F) DWS projects: Drinking Water Supply projects in Government schools /census villages/ census towns. (G) Social Sector infrastructure (I) Construction of anganwadi center. (ii) Construction of a community center. (H) Development of Model villages — the State / UT Government may undertake multiple infrastructure    development works/projects in a village on a hub and spoke model. (I) Construction of infrastructure for Small Scale Industries. (J) Maintenance of assets created under BADS. (K) Administrative Expenditure. ﻿ The estimates of each work/project proposed under BADS should be checked and approved by the Competent Technical Authority in the State/UT and an 'Abstract of Cost' of each work/project, duly signed by appropriate technical authority should be furnished by the State/UT Government along with the APP.",Not provided in source dataset,Not provided in source dataset
S036,Mukhyamantri Work Form Home-Job Work Yojana,Not specified,The applicant must be a resident of Rajasthan. The minimum age of the applicant should be 18 years. Preference will be given to widow/abandoned/divorced/disabled/victim of violence.,Women and Child,New/Existing,Not specified,Any,Not specified,Not specified,Yes,"Financial and non-financial incentives - Advertisement of such private unit which provides work from home-job work to a maximum number of women will be displayed free of cost on the Work from Home-Job Work portal. If a private unit provides work from home - job work to women and the payment for the work given to the woman is more than ₹  5,000, then ₹  3,000 per trainee will be given as a training incentive, as a training fee. However, the payment of the training incentive amount will be given to the female trainee only after the offer letter is given by the private entity in the form of work from home- job work.",Not provided in source dataset,Not provided in source dataset
S037,Scheme for Establishment of Hi-Tech and Mini Dairy Units,Not specified,"The applicant should be 18 to 55 years of age and a resident of Haryana. The applicant must be unemployed (employment even in the private sector will bar an applicant from availing assistance under the Scheme). There would be no mandatory educational qualifications or training requirements. The applicant should have space/shed for keeping milch animals. The applicant will have to submit a Self-Declaration for being unemployed and for undertaking to abide by other conditions as required under the Scheme. The applicant applying for 20 and 50 animal dairy units must have 2-acre and 5-acre agricultural land for green fodder production respectively by way of ownership or long lease. Any applicant who has earlier availed benefits under any Departmental Scheme for the establishment of livestock units will not be eligible for availing benefits under the Scheme. Note 1: Any applicant who has earlier availed the benefit of the Departmental Scheme for the establishment of a dairy unit below 20 milch animals that applicant will also be eligible for availing of benefit under the Scheme of Dairy unit of 20 and 50 mulch animals only. Note 2: In case an applicant lives at a place other than where the animals are kept or intended to be kept, than the jurisdiction area Government Veterinary Hospital will be the place where animals are kept or intended to be kept (Within state of Haryana only).  Margin Money for 4 and 10 Milch Animal dairy Units only (25 % Subsidy): The beneficiary will have to arrange margin money, as per bank requirements, rest of the amount will have to be arranged as a loan from banks. Margin Money for 20 and 50 Milch Animal dairy Units only (Interest Subvention): The beneficiary will have to arrange margin money, which will be 25% of the Unit Cost ( Livestock Cost only) and the rest of the amount will have to be arranged as a loan from banks.","Agriculture,Rural & Environment",New/Existing,Not specified,Any,Not specified,Not specified,Yes,"Financial Assistance for Interest Subvention under the Scheme: Dairy units of 4 and 10 milch animals: 25% subsidy on the cost of milch animals can be availed as a loan for the purchase of these milch animals by the beneficiary for the establishment of dairy units of 4 and 10 milch animals; The subsidy will be provided three months after the purchase/tagging of Milch animals or disbursement of Loan by the bank, whichever is later, and subject to verification of unit by the concerned veterinary surgeon. Dairy units of 20 and 50 milch animals: Interest subvention on 75% cost of milch animals (25% being the margin money) can be availed as a loan for the purchase of these milch animals by the beneficiary for the establishment of dairy units of 20 and 50 milch animals; The financial assistance will be provided in the form of interest subvention on loan amount financed by the bank (For Livestock Component only). The maximum amount for which interest subvention will be provided is as follows:- Sl. No. Type of Dairy Unit Maximum Cost of Unit (Livestock component only) (in ₹) Max Limit of Loan amount as 75% of Total (for Interest Subvention) (in ₹) 1 20 Milch Animals 20 Lakhs 15 Lakhs 2 50 Milch Animals 50 Lakhs 37.50 Lakhs Note: The Interest Subvention will be provided for the purchase of livestock components only and on the basis of the Maximum limit of the loan amount as shown in the above table or the loan amount financed by the Bank, whichever is lower. Financial Assistance for Insurance of Livestock Unit: If any Livestock Insurance Scheme is operational by the Department or Haryana Livestock Development Board then the insurance of animals purchased for the establishment of unit is to be covered under that Scheme, wherever permissible. However, if no Livestock Insurance Scheme is operational then the Beneficiary/Bank would have to arrange for the insurance of the animals at their own. The department would assist the beneficiaries in establishing these units in the following ways: Sponsoring of loan applications to banks / financial institutions. Purchase of animals, tagging, and issuance of Health certificates. Providing Veterinary health and other facilities like free vaccination and management guidance etc. Imparting 11 days of Dairy husbandry training at the concerned Sub Division I District Level in the State to the desirous persons.",Not provided in source dataset,Not provided in source dataset
S038,Chief Minister’s White Revolutions Scheme,Not specified,a. The dairy farmers of Arunachal Pradesh are eligible for the scheme as selected by the District Dairy Development Committee. b. The preference will be given to women and genuinely poor. c. The beneficiaries will be selected on a cluster basis by the District Dairy Development Committee. d. The scheme provides a minimum support price for milk procurement. e. The beneficiaries will receive a capital subsidy of 50% up to ₹3.00 lakh for a minimum unit of 2 cows through the Apex bank.,"Agriculture,Rural & Environment",New/Existing,Not specified,Any,Not specified,Not specified,Yes,"a. Capital subsidy of 50% up to ₹3.00 lakh for a minimum unit of 2 cows through the Apex bank b. Farmers given Kisan Credit Cards for working capital loan up to ₹3.00 lakh per farmer covering feed requirement for 3 months, insurance, vaccines & veterinary aid c. State government ensures 4% interest subsidy through NABARD to Apex Bank to make these loans available at 0% interest rate to dairy farmers d. 25% top-up subsidy will be provided for cold storage, transportation, bulk coolers, etc., for successful dairy societies and above 33% subsidy under DEDS (Dairy Entrepreneurship Development Scheme) of the Government of India e. Two kinds of support extended to beneficiaries: One dairy subsidy scheme with 5 cows and special assistance for dairy entrepreneurship generation with 15 cows f. Logistical funds distributed to farmer accounts by Direct Transfer g. Progressive entrepreneurs selected and assisted by giving 9 no. of milk cows and 6 nos. of heifer",Not provided in source dataset,Not provided in source dataset
S039,"Investment Promotion Scheme (IPS) for Thrust Sectors: Assistance For Marble, IT & ITES, Electric Vehicles & Spare Parts, Toys Units And Semi-Conduct or Industries Sectors",Not specified,Should be a New Manufacturing/ Service units or Existing Manufacturing/ Service units which undertakes Expansion/ Diversification in MSME sector. The unit should have commenced the commercial production between 20.05.2022 to 19.05.2027. Unit should be located in the U.T. of Dadra and Nagar Haveli & Daman and Diu. Enterprise shall have to apply at online portal within one year from the date of eligibility.,Business & Entrepreneurship,New/Existing,Not specified,Any,Not specified,Not specified,Yes,"Credit Linked Interest Subsidy: 60% per annum limited to maximum of ₹50,00,000/- lakhs per annum for Five years OR for the period of repayment of loan whichever is earlier. Capital Investment Subsidy : For Small Units: 20% of Gross Fixed Capital Investment made will be reimbursed subject to maximum of ₹50,00,000/- per unit. For Large units in Semiconductor Sector: 15% of Gross Fixed Capital Investment made will be reimbursed subject to maximum of ₹7,50,00,000/-.",Not provided in source dataset,Not provided in source dataset
S040,Investment Promotion Scheme (IPS) for Textile Sector: Assistance Of Interest Subsidy For Textile Sector,Not specified,Should be a New Manufacturing/ Service units or Existing Manufacturing/ Service units which undertakes Expansion/ Diversification in MSME sector. The unit should have commenced the commercial production between 20.05.2022 to 19.05.2027. Unit should be located in the U.T. of Dadra and Nagar Haveli & Daman and Diu. Enterprise shall have to apply at online portal within one year from the date of eligibility.,Business & Entrepreneurship,New/Existing,Not specified,Any,Not specified,Not specified,Yes,"60% subsidy of interest charged by Bank with an upper ceiling of ₹60,00,000/- per annum for a period of 5 years OR, for the period of repayment of loan whichever is earlier. Additional 10% subsidy will be provided to Export oriented Carpet industry upto a maximum ₹70,00,000/- per annum.",Not provided in source dataset,Not provided in source dataset
S041,Establishment of 50 Milch Animals Dairy Unit,Not specified,"The applicant must be a livestock Farmer. The applicant must purchase 50 dairy animals (cows/buffaloes). The applicant must establish a new dairy farm. The applicant must have ownership rights or inheritance rights or leasehold rights of the land. The applicant must take a loan from a Reserve Bank-recognized institution/bank. Note: If the beneficiary does not own land, the dairy farm can be established on leased land for a minimum of 7 (seven) years.","Agriculture,Rural & Environment",New/Existing,Not specified,Any,Not specified,Not specified,Yes,"Interest Subsidy: 7.5% interest subsidy for up to 5 years on bank loans for purchasing 50 dairy animals. Shed Construction: 50% subsidy on actual expenditure, up to ₹5,00,000/-. Animal Insurance: 75% subsidy for a three-year premium, up to ₹1,80,000/-. Equipment Assistance: 75% subsidy on an electric chaff cutter (up to ₹30,000/-). 75% subsidy on a fogger system (up to ₹22,500/-). 75% subsidy on a milking machine (up to ₹56,250/-).",Not provided in source dataset,Not provided in source dataset
S042,Rise Together,Not specified,"Any domicile of J&K is essentially registered with Mission Youth, J&K. Only the Youth Groups with minimum 3 youth members shall be eligible for Financial Assistance under the scheme; The financial assistance would be given only to Youth Groups with all its members aged 18 to 35 years having a minimum qualification of 12th standard. Provided that CEO Mission Youth shall be competent to relax the educational qualification criteria for deserving candidates on a case to case basis, based on proper justification. Preference will be given to youth registered as Self-Help Groups/ Registered Society/ Registered Trust. None of the group members shall have availed benefit under any Self-Employment or similar schemes of the Government. Character Antecedents of all members of the group should be certified by the Police. The applicants should not be defaulter to any Bank/ Financial Institution. Loan facility availed by the beneficiaries under Govt. sponsored scheme are not eligible. The beneficiary must be unemployed. To be certified by competent authority.",Business & Entrepreneurship,New/Existing,Not specified,Any,Not specified,Not specified,Yes,"Financial assistance to the extent of ₹ 20.00 lakh comprising of an upfront subsidy component provided by Mission Youth (Minimum of ₹2.5 lakh or 10% of project cost) and a Loan provided by the Bank (70% of the project cost to the extent of ₹ 17.50 lakh). The balance cost of the project, not less than 20% of the project cost, shall be self-financed/ self-arranged by the beneficiary youth group as Margin Money for availing the Financial Assistance under the scheme. The special subsidy so provided towards Repayment under the scheme shall be limited to an aggregate of ₹ 5.0 lakh per case;",Not provided in source dataset,Not provided in source dataset
S043,Saansad Adarsh Gram Yojana,Not specified,"1.  The Gram Panchayat should be the basic unit. ﻿ 2.  The village should have a population of 3000-5000 in plain areas and 1000-3000 in hilly, tribal, and difficult areas. (In districts where this unit size is not available, Gram Panchayats approximating the desirable population size may be chosen.) ﻿ 3.  The MP would identify a suitable Gram Panchayat from the rural area of any district in the country, other than his/her own village or that of his/her spouse. ﻿ 4.  The MP will identify one Gram Panchayat to be taken up immediately, and two others to be taken up a little later. ﻿ 5.  Lok Sabha MP has to choose a Gram Panchayat from within his/her constituency. ﻿ 6.  Rajya Sabha MP has to choose a Gram Panchayat from the rural area of a district of his/her choice in the State from which he/she is elected. ﻿ 7.  In the case of urban constituencies, (where there are no Gram Panchayats), the MP will identify a Gram Panchayat from a nearby rural constituency. ﻿ 8.  The Gram Panchayats once selected by the MP (whose tenures have ended on account of resignation or otherwise) would be continued as such under SAGY irrespective of whether activities have already been initiated in the GP under SAGY or not. The newly elected MPs will have the option to select the GP of their choice and two more subsequently by 2019. ﻿ Note: Primarily, the goal is to develop three Adarsh Grams by March 2019, of which one would be achieved by 2016. Thereafter, five such Adarsh Grams (one per year) will be selected and developed by 2024.","Agriculture,Rural & Environment",New/Existing,Not specified,Any,Not specified,Not specified,No,"Activities The elements of an Adarsh Gram would be contexted specific. However, it is still possible to broadly identify the essential activities. They would include: 1.  Personal Development 2.  Social Development 3.  Human Development 4.  Economic Development 5.  Environmental Development 6.  Social Security 7.  Basic amenities & services 8.  Good Governance ﻿ Personal development: 1.  Inculcating hygienic behavior and practices 2.  Fostering healthy habits including daily exercise and games 3.  Reducing risk behavior- alcoholism, smoking, substance abuse, etc. ﻿ Human Development: 1.  Universal access to basic health facilities consisting of health-card, medical examination 2.  Total immunization 3.  Balancing the sex-ratio 4.  100% institutional delivery 5.  Improving nutrition status for all, with special focus on children, adolescent girls, pregnant women, and lactating mothers 6.  Strong focus on the special needs of Persons with Disability (PWD), especially children and women 7.  Universal access to education facilities up to Class X and retention 8.  Conversion of schools into ‘smart schools'. Smart schools will have IT-enabled classrooms, e-libraries, and web-based teaching and will make all students e-literate required for providing quality education 9.  Adult literacy 10.  E-literacy 11.  Village libraries including e-libraries ﻿ Social development: 1.  Activities for the promotion of voluntarism like Bharat Nirman Volunteers 2.  Building the capacity of the people to fully participate and contribute to local development 3.  Activities for honoring village elders, and local role models especially women, freedom fighters, and martyrs 4.  Activities for violence and crime-free villages such as: 4.1  Setting up Citizen Committees 4.2  Sensitization, especially in youth 5.  Village sports and folk arts festivals 6.  Having a village song to instill a sense of pride among the people 7.  Celebrating ‘Village Day’ 8.  Proactive steps for inclusion and integration of socially excluded groups, especially Scheduled Castes and Scheduled Tribes ﻿ Economic Development: Promoting diversified agricultural and allied livelihoods, including livestock and horticulture, through- 1.  Organic farming 2.  Soil health cards 3.  Crop intensification such as SRI 4.  Setting up of seed banks 5.  Collection and value addition to Non-Timber Forest Produce, Livestock development including Gobar Bank, cattle hostel 6.  Livestock development including Gobar Bank, cattle hostel 7.  Micro-irrigation 8.  Agro-service centers ﻿ Rural industrialization: 1.  Post-harvest technology applications 2.  Micro-enterprises 3.  Dairy development and processing 4.  Food processing 5.  Traditional Industries 6.  Skill Development of all eligible youth for self-employment and placement 7.  Village Tourism including eco-tourism All the above activities should focus particularly on lifting households out of poverty, for which organizing and federating women SHGs, providing employment to all workers, and bringing about financial inclusion are very important. ﻿ Environmental Development: 1.  Activities for a clean and green village consist of: 1.1  Providing toilets in each household and in all public institutions and ensuring their proper use 1.2  Appropriate solid and liquid waste management 2. Roadside plantations 3. Tree plantation in accordance with local preferences in homesteads, schools, and public institutions – including green walkways 4. Social forestry 5. Watershed management especially renovation and revival of traditional water bodies 6. Rainwater harvesting- rooftop as well as others 7. Reducing local pollution of air, water, and land ﻿ Basic amenities and services: 1.  Pucca houses for all houseless poor/poor living in kutcha houses 2.  Drinking water, preferably treated piped water with household taps 3.  Internal all-weather roads with covered drains 4.  All weather road connectivity to the main road network 5.  Electricity connection to all households and street lights including from alternative sources of energy, especially solar 6.  Pucca infrastructure for public institutions- Anganwadis, schools, health institutions, 7.  Gram Panchayat Office, and libraries 8.  Civic infrastructure including community halls, buildings for SHG federations, playgrounds, and burial grounds/ crematoria 9.  Village markets 10.  Infrastructure for PDS outlets 11.  Micro mini banks /post offices/ATMs 12.  Broadband connectivity and Common Service Centres 13.  Telecom connectivity 14.  CCTVs in public places ﻿ Social Security: 1.  Pensions for all eligible families- old age, disability, and widow 2.  Insurance schemes like Aam Aadmi Bima Yojana 3.  Health insurance- RSBY 4.  PDS- universal access to all eligible households ﻿ Good Governance: 1.  Strengthening of local democracy through strong and accountable Gram Panchayats and active Gram Sabhas 2.  e-Governance results in better service delivery 3.  Provision of UIDAI cards to all 4.  Ensuring regular and punctual attendance of government and panchayat staff 5.  Time-bound service delivery in line with Department’s Citizens Charter 6.  Holding of Mahila Gram Sabhas before every Gram Sabha 7.  Holding a Gram Sabha at least 4 times a year 8.  Holding of Bal Sabhas every quarter 9.  Proactive disclosure of all information pertaining to the implementation of the program in the public domain and through wall-writing, and notice boards in the local language. This should necessarily include the list of beneficiaries, item-wise budgets, and expenditures. 9.  Gram Panchayat acting as an information facilitation center 10.  Timely redressal of grievances filed by people, such that: 10.1  Grievances of all nature to be submitted to the Gram Panchayat / Charge Officer and dated receipt to be given 10.2  Grievances are to be redressed within three weeks along with a written reply Institutionalization of regular open platforms for the airing of grievances and their redressal, coordinated by the Gram Panchayat ﻿ Use of Technology and Innovation In SAGY Adopting and adapting technology and introducing innovation is critical to this program. These would work broadly in the following areas: 1.  Space application and remote sensing 2.  Mobile-based technology 3.  Agriculture-related technology and innovations 4.  Livelihood-related technologies and innovations 5.  Appropriate building construction technologies 6.  Road construction technologies 7.  Water supply and sanitation-related technologies",Not provided in source dataset,Not provided in source dataset
S044,Agricultural Extension,Not specified,"Eligibility Criteria For Candidates The scheme is open to the following categories of candidates of the age group of 18 to 60 years. Graduates in agriculture and allied subjects like Horticulture, Sericulture, Dairy, Animal Husbandry, Fisheries, Home/ Community Sciences, Biotechnology, Agricultural Engineering, Forestry, Food Technology, Food Nutrition, and Dietetics, etc, from SAUs/ Central Agricultural Universities/ Universities and graduates in Environmental Science, Botany, Zoology and Chemistry recognized by ICAR/ UGC. Degrees in Agriculture and allied subjects offered by other agencies are also considered subject to the approval of the Department of Agriculture & Cooperation, Government of India on the recommendation of the State Government. Diploma (with at least 50% marks)/ Post Graduate Diploma holders in Agriculture and allied subjects (as in para 3.1) from State Agricultural Universities, State Agriculture and Allied Departments and the State Department of Technical Education. Diplomas in Agriculture and allied subjects offered by other agencies (autonomous bodies, UGC affiliated universities, etc.) are also considered subject to the approval of the Department of Agriculture  & Cooperation, Government of India on the recommendation of the State Government. Post Graduation in Agriculture & allied subjects. Degree courses recognized by UGC have more than 60 percent of the course content in Agriculture and allied subjects 3.5. Diploma/ Post-graduate Diploma courses with more than 60 percent of course content in Agriculture and allied subjects after B.Sc. in Biological Sciences from  recognized  colleges  and universities, Agriculture-related courses at the intermediate (i.e. plus two)  level, with at least 55% marks, The scheme covers full financial support for training and handholding, provision of loans, and credit-linked back-ended composite subsidy.","Agriculture,Rural & Environment",New/Existing,Not specified,Any,Not specified,Not specified,Yes,"Benefits Of The Scheme To supplement efforts of public extension by necessarily providing extension and other services to the farmers on a payment basis or free of cost as per the business model of agri-preneur, local needs and affordability of the target group of farmers. To support agricultural development To create gainful self-employment opportunities for unemployed agricultural graduates, agricultural diploma holders, intermediate in agriculture and biological science graduates, with PG in agri-related courses ﻿",Not provided in source dataset,Not provided in source dataset
S045,Farm Machinery Bank (FMB)/Farm Machinery Hub (FMH),Not specified,"Individual Rural Youth Entrepreneur registered under Krishak Bandhu (New) Scheme. Or, Groups like SKUS/PACS/FPO/FPC/FIG/SHG duly graded /LAMPS etc approved/recognized by any Govt Institution/Departments . The Group should be successfully running at least for last 1(one)year are only eligible to setup FMB/FMH in a selected village The project cost/Total Financial Outlay (TFO) should be minimum ₹10,00,000/-. The applicant should have sufficient land under his possession (own land/leased/hired) for setting up the FMB/FMH. The land in question must belong to “commercial or bastu or viti” category. The age of the beneficiary should be minimum 18 years at the time of application. ﻿ ﻿","Agriculture,Rural & Environment",New/Existing,Not specified,Any,Not specified,Not specified,Yes,"Pattern Of Assistance: The subsidy will be 80% of the Total Financial Outlay (TFO) subject to maximum Rs 8.00 lakh and minimum TFO will be ₹10,00,000/-. The TFO includes indicative cost of machinery + Cost of shed +AMC + insurance. The remaining amount of the TFO will be borne by the beneficiary. The maximum amount allowed for cost of open shed for machinery will be limited to 5% of the TFO and total ancillary cost (other than machinery) should not exceed 10% of TFO. Note: The applicant will have to deposit margin money of a minimum amount of 25% of TFO to the financing bank before release of subsidy by the DDA (Admn.) to the Bank and remaining amount will be bank loan . No machine/equipment will be procured by the Government. The Government will only release subsidy as back ended subsidy against procurement by the beneficiaries as per their choice under CHC with Bank Loan. The subsidy will be released through DBT mode to the concerned bank branch to subsidy reserve fund/loan account for CHC. The subsidy will only be applicable for purchase of farm machinery/equipment from the approved Farm machinery Manufacturers and Dealers as enlisted in the Departmental portal. A beneficiary or his/her spouse will not be eligible to apply afresh before completion of 4(four) years from release of the last subsidy for CHC scheme from the State under this Guidelines.",Not provided in source dataset,Not provided in source dataset
S046,Investment Promotion Scheme (IPS) For Cottage Industries: Financial Assistance To Cottage Industries,Not specified,"The applicant should be associated with Cottage Industry. The applicant should be above 18 years of age. The applicant should have passed minimum standard Four (IV). The applicant should have undergone training for minimum one month from Government of India recognized Institutes, in the area of the proposed business. Or, The applicant should have experience of minimum 1 year in the same activity Or The applicant should be hereditary craftsperson.",Business & Entrepreneurship,New/Existing,Not specified,Any,Not specified,Not specified,Yes,"Rate of Capital Subsidy: 25% of the term loan amount for setting up of the Cottage Industry up to a maximum of ₹5,00,000/-. Rate of Interest Subsidy: 50% of the Interest charged by Bank or NBFC or Cooperative Bank shall be reimbursed up to a period of 5 years from the date of commencement of Production. Note: 10% additional capital subsidy shall be provided to Scheduled Castes/ Scheduled Tribes / Women/ Differently abled having 30% or more disability. Maximum limit of the Bank Loan should be ₹20,00,000/-.",Not provided in source dataset,Not provided in source dataset
S047,Mukhyamantri Yuva Udyami Yojana,Not specified,"The applicant must be a permanent resident of Bihar. The applicant should have passed at least 10+2, Intermediate, ITI, Polytechnic Diploma, or equivalent. The applicant must be aged between 18 and 50 years. The business unit must be a proprietorship or partnership firm. Only general and backward-class male applicants are eligible.",Business & Entrepreneurship,New/Existing,Not specified,Any,Not specified,Not specified,Yes,"Substantial Financial Support: Receive up to ₹10,00,000/- for setting up a business (50% of the total financial assistance (up to ₹5,00,000/-) is provided as a non-repayable grant. The remaining 50% (up to ₹5,00,000/-) is offered as an interest-free loan, with a nominal 1% interest under specific sub-schemes.) Skill Development: Mandatory training sessions are provided to enhance entrepreneurial skills.",Not provided in source dataset,Not provided in source dataset
S048,Indira Mahila Shakti Udyam Protsahan Yojana,Not specified,"The applicant's age should be 18 years or more. The applicant should be a permanent resident of Rajasthan. The women's self-help group or group of these groups (cluster/ federation) must be registered under any department of the state government and in case of cluster/federation of groups, it will be necessary to be registered under the Cooperative Act as per the rules. ﻿",Women and Child,New/Existing,Not specified,Any,Not specified,Not specified,Yes,"Loan Limit Loan amount of ₹ 50,00,000/- to individual women. Loan amount of Rs 1,00,00,000/- to self-help groups. ﻿ Margin Money A margin money of 25% of the sanctioned loan amount will be provided under the scheme. For women belonging to Scheduled Castes/Tribes, Scheduled Castes, widows, abandoned women, victims of violence and disabled women, the margin money will be 30% of the sanctioned loan amount. Note : The maximum limit of margin money will be ₹ 15,00,000/-. The applicant's own contribution (5% / 10% of the project proposal) will be considered for margin money. Land value will not be included in the project proposal. The maximum limit of loan amount payable for construction of workshop/building will be up to 20% of the sanctioned amount of the project proposal. The maximum limit of loan for business will be Rs. 10 lakh. Business refers to wholesale or retail purchase-sale of commercial products. ﻿ Promotion of collateral security free loans: As per the guidelines of the Reserve Bank of India, collateral security will not be required for loans up to Rs. 10 lakh. Loans above Rs. 10 lakh can be linked with the Credit Guarantee Trust Fund for Micro and Small Enterprises (CGTMSE). The fee amount will be borne by the beneficiary. If the applicant voluntarily wants to give collateral security on the loan, they can do so. ﻿",Not provided in source dataset,Not provided in source dataset
S049,Mukhyamantri Alpasankhyak Udyami Yojana,Not specified,"The applicant must be a permanent resident of Bihar. The applicant must belong to the Minority community. The applicant should have passed at least 10+2, Intermediate, ITI, Polytechnic Diploma, or equivalent. The applicant must be aged between 18 and 50 years. The business unit must be a proprietorship or partnership firm. Note: Women belonging to the minority community have the option to apply for either of the following schemes, based on their preference: Mukhyamantri Mahila Udyami Yojana Mukhyamantri Alpasankhyak Udyami Yojana",Business & Entrepreneurship,New/Existing,Not specified,Any,Not specified,Not specified,Yes,"Substantial Financial Support: Receive up to ₹10,00,000/- for setting up a business (50% of the total financial assistance (up to ₹5,00,000/-) is provided as a non-repayable grant. The remaining 50% (up to ₹5,00,000/-) is offered as an interest-free loan, with a nominal 1% interest under specific sub-schemes.) Skill Development: Mandatory training sessions are provided to enhance entrepreneurial skills.",Not provided in source dataset,Not provided in source dataset
S050,Mukhyamantri Ati Pichhada Varg Udyami Yojana,Not specified,"The applicant must be a permanent resident of Bihar. The applicant must belong to Extremely Backward Classes. The applicant should have passed at least 10+2, Intermediate, ITI, Polytechnic Diploma, or equivalent. The applicant must be aged between 18 and 50 years. The business unit must be a proprietorship or partnership firm.",Business & Entrepreneurship,New/Existing,Not specified,Any,Not specified,Not specified,Yes,"Substantial Financial Support: Up to ₹10,00,000/- for setting up a business (50% of the total financial assistance (up to ₹5,00,000/-) is provided as a non-repayable grant. The remaining 50% (up to ₹5,00,000/-) is offered as an interest-free loan, with a nominal 1% interest under specific sub-schemes.) Skill Development: Mandatory training sessions are provided to enhance entrepreneurial skills.",Not provided in source dataset,Not provided in source dataset
